[
  {
    "title": "An Abundance of Katherines",
    "price": "10.00"
  },
  {
    "title": "The Origin of Species",
    "price": "10.01"
  },
  {
    "title": "The Tipping Point: How Little Things Can Make a Big Difference",
    "price": "10.02"
  },
  {
    "title": "Patience",
    "price": "10.16"
  },
  {
    "title": "Greek Mythic History",
    "price": "10.23"
  },
  {
    "title": "The Fellowship of the Ring (The Lord of the Rings #1)",
    "price": "10.27"
  },
  {
    "title": "History of Beauty",
    "price": "10.29"
  },
  {
    "title": "The Lucifer Effect: Understanding How Good People Turn Evil",
    "price": "10.40"
  },
  {
    "title": "NaNo What Now? Finding your editing process, revising your NaNoWriMo book and building a writing career through publishing and beyond",
    "price": "10.41"
  },
  {
    "title": "Pet Sematary",
    "price": "10.56"
  },
  {
    "title": "I Am Pilgrim (Pilgrim #1)",
    "price": "10.60"
  },
  {
    "title": "Counting Thyme",
    "price": "10.62"
  },
  {
    "title": "The Complete Maus (Maus #1-2)",
    "price": "10.64"
  },
  {
    "title": "The Project",
    "price": "10.65"
  },
  {
    "title": "Are We There Yet?",
    "price": "10.66"
  },
  {
    "title": "Tastes Like Fear (DI Marnie Rome #3)",
    "price": "10.69"
  },
  {
    "title": "Miss Peregrine’s Home for Peculiar Children (Miss Peregrine’s Peculiar Children #1)",
    "price": "10.76"
  },
  {
    "title": "A Clash of Kings (A Song of Ice and Fire #2)",
    "price": "10.79"
  },
  {
    "title": "Green Eggs and Ham (Beginner Books B-16)",
    "price": "10.79"
  },
  {
    "title": "Adulthood Is a Myth: A \"Sarah's Scribbles\" Collection",
    "price": "10.90"
  },
  {
    "title": "The Restaurant at the End of the Universe (Hitchhiker's Guide to the Galaxy #2)",
    "price": "10.92"
  },
  {
    "title": "The Argonauts",
    "price": "10.93"
  },
  {
    "title": "The Long Shadow of Small Ghosts: Murder and Memory in an American City",
    "price": "10.97"
  },
  {
    "title": "The Power Greens Cookbook: 140 Delicious Superfood Recipes",
    "price": "11.05"
  },
  {
    "title": "Reservations for Two",
    "price": "11.10"
  },
  {
    "title": "Beauty Restored (Riley Family Legacy Novellas #3)",
    "price": "11.11"
  },
  {
    "title": "Dear Mr. Knightley",
    "price": "11.21"
  },
  {
    "title": "City of Fallen Angels (The Mortal Instruments #4)",
    "price": "11.23"
  },
  {
    "title": "The Darkest Corners",
    "price": "11.33"
  },
  {
    "title": "Naturally Lean: 125 Nourishing Gluten-Free, Plant-Based Recipes--All Under 300 Calories",
    "price": "11.38"
  },
  {
    "title": "Brilliant Beacons: A History of the American Lighthouse",
    "price": "11.45"
  },
  {
    "title": "Remember Me?",
    "price": "11.48"
  },
  {
    "title": "My Kitchen Year: 136 Recipes That Saved My Life",
    "price": "11.53"
  },
  {
    "title": "Fruits Basket, Vol. 2 (Fruits Basket #2)",
    "price": "11.64"
  },
  {
    "title": "The Sleep Revolution: Transforming Your Life, One Night at a Time",
    "price": "11.68"
  },
  {
    "title": "Saga, Volume 2 (Saga (Collected Editions) #2)",
    "price": "11.75"
  },
  {
    "title": "Underlying Notes",
    "price": "11.82"
  },
  {
    "title": "Old School (Diary of a Wimpy Kid #10)",
    "price": "11.83"
  },
  {
    "title": "The 5th Wave (The 5th Wave #1)",
    "price": "11.83"
  },
  {
    "title": "Hide Away (Eve Duncan #20)",
    "price": "11.84"
  },
  {
    "title": "Lust & Wonder",
    "price": "11.87"
  },
  {
    "title": "The Children",
    "price": "11.88"
  },
  {
    "title": "Superman Vol. 1: Before Truth (Superman by Gene Luen Yang #1)",
    "price": "11.89"
  },
  {
    "title": "The Suffragettes (Little Black Classics, #96)",
    "price": "11.89"
  },
  {
    "title": "You Are a Badass: How to Stop Doubting Your Greatness and Start Living an Awesome Life",
    "price": "12.08"
  },
  {
    "title": "Every Heart a Doorway (Every Heart A Doorway #1)",
    "price": "12.16"
  },
  {
    "title": "So You've Been Publicly Shamed",
    "price": "12.23"
  },
  {
    "title": "The Purest Hook (Second Circle Tattoos #3)",
    "price": "12.25"
  },
  {
    "title": "The Girl You Lost",
    "price": "12.29"
  },
  {
    "title": "The Giver (The Giver Quartet #1)",
    "price": "12.30"
  },
  {
    "title": "The Moosewood Cookbook: Recipes from Moosewood Restaurant, Ithaca, New York",
    "price": "12.34"
  },
  {
    "title": "The Silent Wife",
    "price": "12.34"
  },
  {
    "title": "Orchestra of Exiles: The Story of Bronislaw Huberman, the Israel Philharmonic, and the One Thousand Jews He Saved from Nazi Horrors",
    "price": "12.36"
  },
  {
    "title": "Lila (Gilead #3)",
    "price": "12.47"
  },
  {
    "title": "Agnostic: A Spirited Manifesto",
    "price": "12.51"
  },
  {
    "title": "Living Forward: A Proven Plan to Stop Drifting and Get the Life You Want",
    "price": "12.55"
  },
  {
    "title": "The Third Wave: An Entrepreneur’s Vision of the Future",
    "price": "12.61"
  },
  {
    "title": "Night Shift (Night Shift #1-20)",
    "price": "12.75"
  },
  {
    "title": "In Her Wake",
    "price": "12.84"
  },
  {
    "title": "New Moon (Twilight #2)",
    "price": "12.86"
  },
  {
    "title": "Dark Lover (Black Dagger Brotherhood #1)",
    "price": "12.87"
  },
  {
    "title": "Running with Scissors",
    "price": "12.91"
  },
  {
    "title": "Walt Disney's Alice in Wonderland",
    "price": "12.96"
  },
  {
    "title": "The Elegant Universe: Superstrings, Hidden Dimensions, and the Quest for the Ultimate Theory",
    "price": "13.03"
  },
  {
    "title": "Logan Kade (Fallen Crest High #5.5)",
    "price": "13.12"
  },
  {
    "title": "A Murder Over a Girl: Justice, Gender, Junior High",
    "price": "13.20"
  },
  {
    "title": "Life of Pi",
    "price": "13.22"
  },
  {
    "title": "The Three Searches, Meaning, and the Story",
    "price": "13.33"
  },
  {
    "title": "Sister Sable (The Mad Queen #1)",
    "price": "13.33"
  },
  {
    "title": "Princess Between Worlds (Wide-Awake Princess #5)",
    "price": "13.34"
  },
  {
    "title": "Mothering Sunday",
    "price": "13.34"
  },
  {
    "title": "Changing the Game (Play by Play #2)",
    "price": "13.38"
  },
  {
    "title": "Little Red",
    "price": "13.47"
  },
  {
    "title": "Night (The Night Trilogy #1)",
    "price": "13.51"
  },
  {
    "title": "Princess Jellyfish 2-in-1 Omnibus, Vol. 01 (Princess Jellyfish 2-in-1 Omnibus #1)",
    "price": "13.61"
  },
  {
    "title": "Vegan Vegetarian Omnivore: Dinner for Everyone at the Table",
    "price": "13.66"
  },
  {
    "title": "Playing with Fire",
    "price": "13.71"
  },
  {
    "title": "Some Women",
    "price": "13.73"
  },
  {
    "title": "The Grand Design",
    "price": "13.76"
  },
  {
    "title": "The Guilty (Will Robie #4)",
    "price": "13.82"
  },
  {
    "title": "Will You Won't You Want Me?",
    "price": "13.86"
  },
  {
    "title": "Harry Potter and the Sorcerer's Stone (Harry Potter #1)",
    "price": "13.90"
  },
  {
    "title": "That Darkness (Gardiner and Renner #1)",
    "price": "13.92"
  },
  {
    "title": "Starving Hearts (Triangular Trade Trilogy, #1)",
    "price": "13.99"
  },
  {
    "title": "Mama Tried: Traditional Italian Cooking for the Screwed, Crude, Vegan, and Tattooed",
    "price": "14.02"
  },
  {
    "title": "On a Midnight Clear",
    "price": "14.07"
  },
  {
    "title": "A Visit from the Goon Squad",
    "price": "14.08"
  },
  {
    "title": "Roller Girl",
    "price": "14.10"
  },
  {
    "title": "Outliers: The Story of Success",
    "price": "14.16"
  },
  {
    "title": "Poems That Make Grown Women Cry",
    "price": "14.19"
  },
  {
    "title": "Untitled Collection: Sabbath Poems 2014",
    "price": "14.27"
  },
  {
    "title": "Wild Swans",
    "price": "14.36"
  },
  {
    "title": "Eight Hundred Grapes",
    "price": "14.39"
  },
  {
    "title": "The End of the Jesus Era (An Investigation #1)",
    "price": "14.40"
  },
  {
    "title": "The Wicked + The Divine, Vol. 3: Commercial Suicide (The Wicked + The Divine)",
    "price": "14.41"
  },
  {
    "title": "The Epidemic (The Program 0.6)",
    "price": "14.44"
  },
  {
    "title": "The Guns of August",
    "price": "14.54"
  },
  {
    "title": "Scarlet (The Lunar Chronicles #2)",
    "price": "14.57"
  },
  {
    "title": "A Distant Mirror: The Calamitous 14th Century",
    "price": "14.58"
  },
  {
    "title": "Two Summers",
    "price": "14.64"
  },
  {
    "title": "Harry Potter and the Chamber of Secrets (Harry Potter #2)",
    "price": "14.74"
  },
  {
    "title": "Hyperbole and a Half: Unfortunate Situations, Flawed Coping Mechanisms, Mayhem, and Other Things That Happened",
    "price": "14.75"
  },
  {
    "title": "A Gentleman's Position (Society of Gentlemen #3)",
    "price": "14.75"
  },
  {
    "title": "The Communist Manifesto",
    "price": "14.76"
  },
  {
    "title": "The Hound of the Baskervilles (Sherlock Holmes #5)",
    "price": "14.82"
  },
  {
    "title": "Obsidian (Lux #1)",
    "price": "14.86"
  },
  {
    "title": "Far & Away: Places on the Brink of Change: Seven Continents, Twenty-Five Years",
    "price": "15.06"
  },
  {
    "title": "The Secret Garden",
    "price": "15.08"
  },
  {
    "title": "Disrupted: My Misadventure in the Start-Up Bubble",
    "price": "15.28"
  },
  {
    "title": "Fifty Shades Freed (Fifty Shades #3)",
    "price": "15.36"
  },
  {
    "title": "Batman: The Dark Knight Returns (Batman)",
    "price": "15.38"
  },
  {
    "title": "Vampire Knight, Vol. 1 (Vampire Knight #1)",
    "price": "15.40"
  },
  {
    "title": "The Collected Poems of W.B. Yeats (The Collected Works of W.B. Yeats #1)",
    "price": "15.42"
  },
  {
    "title": "Outcast, Vol. 1: A Darkness Surrounds Him (Outcast #1)",
    "price": "15.44"
  },
  {
    "title": "Ayumi's Violin",
    "price": "15.48"
  },
  {
    "title": "Kill the Boy Band",
    "price": "15.52"
  },
  {
    "title": "One with You (Crossfire #5)",
    "price": "15.71"
  },
  {
    "title": "The Bad-Ass Librarians of Timbuktu: And Their Race to Save the World’s Most Precious Manuscripts",
    "price": "15.77"
  },
  {
    "title": "The Travelers",
    "price": "15.77"
  },
  {
    "title": "The Girl You Left Behind (The Girl You Left Behind #1)",
    "price": "15.79"
  },
  {
    "title": "The Girl In The Ice (DCI Erika Foster #1)",
    "price": "15.85"
  },
  {
    "title": "Sophie's World",
    "price": "15.94"
  },
  {
    "title": "First and First (Five Boroughs #3)",
    "price": "15.97"
  },
  {
    "title": "The Iliad",
    "price": "16.16"
  },
  {
    "title": "Shiver (The Wolves of Mercy Falls #1)",
    "price": "16.23"
  },
  {
    "title": "Something More Than This",
    "price": "16.24"
  },
  {
    "title": "The Glass Castle",
    "price": "16.24"
  },
  {
    "title": "The Cat in the Hat (Beginner Books B-1)",
    "price": "16.26"
  },
  {
    "title": "Tsubasa: WoRLD CHRoNiCLE 2 (Tsubasa WoRLD CHRoNiCLE #2)",
    "price": "16.28"
  },
  {
    "title": "Lady Midnight (The Dark Artifices #1)",
    "price": "16.28"
  },
  {
    "title": "Peak: Secrets from the New Science of Expertise",
    "price": "16.28"
  },
  {
    "title": "Fruits Basket, Vol. 5 (Fruits Basket #5)",
    "price": "16.33"
  },
  {
    "title": "Daredevils",
    "price": "16.34"
  },
  {
    "title": "The Constant Princess (The Tudor Court #1)",
    "price": "16.62"
  },
  {
    "title": "A Murder in Time",
    "price": "16.64"
  },
  {
    "title": "The Flowers Lied",
    "price": "16.68"
  },
  {
    "title": "A Study in Scarlet (Sherlock Holmes #1)",
    "price": "16.73"
  },
  {
    "title": "The Life-Changing Magic of Tidying Up: The Japanese Art of Decluttering and Organizing",
    "price": "16.77"
  },
  {
    "title": "The Course of Love",
    "price": "16.78"
  },
  {
    "title": "The Gunning of America: Business and the Making of American Gun Culture",
    "price": "16.81"
  },
  {
    "title": "Louisa: The Extraordinary Life of Mrs. Adams",
    "price": "16.85"
  },
  {
    "title": "The Power of Habit: Why We Do What We Do in Life and Business",
    "price": "16.88"
  },
  {
    "title": "Mother, Can You Not?",
    "price": "16.89"
  },
  {
    "title": "Fool Me Once",
    "price": "16.96"
  },
  {
    "title": "A Spy's Devotion (The Regency Spies of London #1)",
    "price": "16.97"
  },
  {
    "title": "Balloon Animals",
    "price": "17.03"
  },
  {
    "title": "Camp Midnight",
    "price": "17.08"
  },
  {
    "title": "A Feast for Crows (A Song of Ice and Fire #4)",
    "price": "17.21"
  },
  {
    "title": "The Genius of Birds",
    "price": "17.24"
  },
  {
    "title": "Thirst",
    "price": "17.27"
  },
  {
    "title": "Lilac Girls",
    "price": "17.28"
  },
  {
    "title": "The Literature Book (Big Ideas Simply Explained)",
    "price": "17.43"
  },
  {
    "title": "The Stranger",
    "price": "17.44"
  },
  {
    "title": "Set Me Free",
    "price": "17.46"
  },
  {
    "title": "Booked",
    "price": "17.49"
  },
  {
    "title": "The Four Agreements: A Practical Guide to Personal Freedom",
    "price": "17.66"
  },
  {
    "title": "Wuthering Heights",
    "price": "17.73"
  },
  {
    "title": "Why Not Me?",
    "price": "17.76"
  },
  {
    "title": "The Hobbit (Middle-Earth Universe)",
    "price": "17.80"
  },
  {
    "title": "David and Goliath: Underdogs, Misfits, and the Art of Battling Giants",
    "price": "17.81"
  },
  {
    "title": "The Coming Woman: A Novel Based on the Life of the Infamous Feminist, Victoria Woodhull",
    "price": "17.93"
  },
  {
    "title": "Counted With the Stars (Out from Egypt #1)",
    "price": "17.97"
  },
  {
    "title": "Maude (1883-1993):She Grew Up with the country",
    "price": "18.02"
  },
  {
    "title": "Love Is a Mix Tape (Music #1)",
    "price": "18.03"
  },
  {
    "title": "Where'd You Go, Bernadette",
    "price": "18.13"
  },
  {
    "title": "Once Was a Time",
    "price": "18.28"
  },
  {
    "title": "Give It Back",
    "price": "18.32"
  },
  {
    "title": "Amy Meets the Saints and Sages",
    "price": "18.46"
  },
  {
    "title": "Y: The Last Man, Vol. 1: Unmanned (Y: The Last Man #1)",
    "price": "18.51"
  },
  {
    "title": "Eclipse (Twilight #3)",
    "price": "18.74"
  },
  {
    "title": "The Golden Compass (His Dark Materials #1)",
    "price": "18.77"
  },
  {
    "title": "Unicorn Tracks",
    "price": "18.78"
  },
  {
    "title": "Taking Shots (Assassins #1)",
    "price": "18.88"
  },
  {
    "title": "Pop Gun War, Volume 1: Gift",
    "price": "18.97"
  },
  {
    "title": "Me Before You (Me Before You #1)",
    "price": "19.02"
  },
  {
    "title": "Ready Player One",
    "price": "19.07"
  },
  {
    "title": "The Torch Is Passed: A Harding Family Story",
    "price": "19.09"
  },
  {
    "title": "Large Print Heart of the Pride",
    "price": "19.15"
  },
  {
    "title": "The Edge of Reason (Bridget Jones #2)",
    "price": "19.18"
  },
  {
    "title": "Dark Notes",
    "price": "19.19"
  },
  {
    "title": "The Cuckoo's Calling (Cormoran Strike #1)",
    "price": "19.21"
  },
  {
    "title": "Brazen: The Courage to Find the You That's Been Hiding",
    "price": "19.22"
  },
  {
    "title": "Pride and Prejudice",
    "price": "19.27"
  },
  {
    "title": "Daring Greatly: How the Courage to Be Vulnerable Transforms the Way We Live, Love, Parent, and Lead",
    "price": "19.43"
  },
  {
    "title": "This One Summer",
    "price": "19.49"
  },
  {
    "title": "A Mother's Reckoning: Living in the Aftermath of Tragedy",
    "price": "19.53"
  },
  {
    "title": "It's All Easy: Healthy, Delicious Weeknight Meals in under 30 Minutes",
    "price": "19.55"
  },
  {
    "title": "Fruits Basket, Vol. 7 (Fruits Basket #7)",
    "price": "19.57"
  },
  {
    "title": "What's It Like in Space?: Stories from Astronauts Who've Been There",
    "price": "19.60"
  },
  {
    "title": "In a Dark, Dark Wood",
    "price": "19.63"
  },
  {
    "title": "Outlander (Outlander #1)",
    "price": "19.67"
  },
  {
    "title": "I've Got Your Number",
    "price": "19.69"
  },
  {
    "title": "The Zombie Room",
    "price": "19.69"
  },
  {
    "title": "The Age of Genius: The Seventeenth Century and the Birth of the Modern Mind",
    "price": "19.73"
  },
  {
    "title": "Reskilling America: Learning to Labor in the Twenty-First Century",
    "price": "19.83"
  },
  {
    "title": "Lumberjanes Vol. 3: A Terrible Plan (Lumberjanes #9-12)",
    "price": "19.92"
  },
  {
    "title": "No One Here Gets Out Alive",
    "price": "20.02"
  },
  {
    "title": "Run, Spot, Run: The Ethics of Keeping Pets",
    "price": "20.02"
  },
  {
    "title": "Everyday Italian: 125 Simple and Delicious Recipes",
    "price": "20.10"
  },
  {
    "title": "Is Everyone Hanging Out Without Me? (And Other Concerns)",
    "price": "20.11"
  },
  {
    "title": "Team of Rivals: The Political Genius of Abraham Lincoln",
    "price": "20.12"
  },
  {
    "title": "John Vassos: Industrial Design for Modern Life",
    "price": "20.22"
  },
  {
    "title": "Secrets and Lace (Fatal Hearts #1)",
    "price": "20.27"
  },
  {
    "title": "Cell",
    "price": "20.29"
  },
  {
    "title": "Blood Defense (Samantha Brinkman #1)",
    "price": "20.30"
  },
  {
    "title": "Mockingjay (The Hunger Games #3)",
    "price": "20.44"
  },
  {
    "title": "Keep Me Posted",
    "price": "20.46"
  },
  {
    "title": "Redeeming Love",
    "price": "20.47"
  },
  {
    "title": "Cravings: Recipes for What You Want to Eat",
    "price": "20.50"
  },
  {
    "title": "Love, Lies and Spies",
    "price": "20.55"
  },
  {
    "title": "The Inefficiency Assassin: Time Management Tactics for Working Smarter, Not Longer",
    "price": "20.59"
  },
  {
    "title": "Shakespeare's Sonnets",
    "price": "20.66"
  },
  {
    "title": "Critique of Pure Reason",
    "price": "20.75"
  },
  {
    "title": "Between Shades of Gray",
    "price": "20.79"
  },
  {
    "title": "Adultery",
    "price": "20.88"
  },
  {
    "title": "Delivering the Truth (Quaker Midwife Mystery #1)",
    "price": "20.89"
  },
  {
    "title": "Steal Like an Artist: 10 Things Nobody Told You About Being Creative",
    "price": "20.90"
  },
  {
    "title": "Sit, Stay, Love",
    "price": "20.90"
  },
  {
    "title": "If I Gave You God's Phone Number....: Searching for Spirituality in America",
    "price": "20.91"
  },
  {
    "title": "The Maze Runner (The Maze Runner #1)",
    "price": "20.93"
  },
  {
    "title": "Fruits Basket, Vol. 6 (Fruits Basket #6)",
    "price": "20.96"
  },
  {
    "title": "The Art of Startup Fundraising",
    "price": "21.00"
  },
  {
    "title": "Tuesday Nights in 1980",
    "price": "21.04"
  },
  {
    "title": "Voyager (Outlander #3)",
    "price": "21.07"
  },
  {
    "title": "Boy Meets Boy",
    "price": "21.12"
  },
  {
    "title": "Thinking, Fast and Slow",
    "price": "21.14"
  },
  {
    "title": "Setting the World on Fire: The Brief, Astonishing Life of St. Catherine of Siena",
    "price": "21.15"
  },
  {
    "title": "Snatched: How A Drug Queen Went Undercover for the DEA and Was Kidnapped By Colombian Guerillas",
    "price": "21.21"
  },
  {
    "title": "Fire Bound (Sea Haven/Sisters of the Heart #5)",
    "price": "21.28"
  },
  {
    "title": "An Unquiet Mind: A Memoir of Moods and Madness",
    "price": "21.30"
  },
  {
    "title": "Follow You Home",
    "price": "21.36"
  },
  {
    "title": "Arena",
    "price": "21.36"
  },
  {
    "title": "Beautiful Creatures (Caster Chronicles #1)",
    "price": "21.55"
  },
  {
    "title": "Saga, Volume 3 (Saga (Collected Editions) #3)",
    "price": "21.57"
  },
  {
    "title": "Born for This: How to Find the Work You Were Meant to Do",
    "price": "21.59"
  },
  {
    "title": "Paper Girls, Vol. 1 (Paper Girls #1-5)",
    "price": "21.71"
  },
  {
    "title": "Shadow Rites (Jane Yellowrock #10)",
    "price": "21.72"
  },
  {
    "title": "Blink: The Power of Thinking Without Thinking",
    "price": "21.74"
  },
  {
    "title": "1491: New Revelations of the Americas Before Columbus",
    "price": "21.80"
  },
  {
    "title": "World War Z: An Oral History of the Zombie War",
    "price": "21.80"
  },
  {
    "title": "Rising Strong",
    "price": "21.82"
  },
  {
    "title": "You Are What You Love: The Spiritual Power of Habit",
    "price": "21.87"
  },
  {
    "title": "Can You Keep a Secret?",
    "price": "21.94"
  },
  {
    "title": "No Dream Is Too High: Life Lessons From a Man Who Walked on the Moon",
    "price": "21.95"
  },
  {
    "title": "Fifty Shades Darker (Fifty Shades #2)",
    "price": "21.96"
  },
  {
    "title": "Hystopia: A Novel",
    "price": "21.96"
  },
  {
    "title": "In the Country We Love: My Family Divided",
    "price": "22.00"
  },
  {
    "title": "Ash",
    "price": "22.06"
  },
  {
    "title": "Twenty Yawns",
    "price": "22.08"
  },
  {
    "title": "The Art of Fielding",
    "price": "22.10"
  },
  {
    "title": "Giant Days, Vol. 2 (Giant Days #5-8)",
    "price": "22.11"
  },
  {
    "title": "Big Little Lies",
    "price": "22.11"
  },
  {
    "title": "Code Name Verity (Code Name Verity #1)",
    "price": "22.13"
  },
  {
    "title": "The End of Faith: Religion, Terror, and the Future of Reason",
    "price": "22.13"
  },
  {
    "title": "Wildlife of New York: A Five-Borough Coloring Book",
    "price": "22.14"
  },
  {
    "title": "The Girl Who Played with Fire (Millennium Trilogy #2)",
    "price": "22.14"
  },
  {
    "title": "Grumbles",
    "price": "22.16"
  },
  {
    "title": "Letter to a Christian Nation",
    "price": "22.20"
  },
  {
    "title": "Find Her (Detective D.D. Warren #8)",
    "price": "22.37"
  },
  {
    "title": "America's Cradle of Quarterbacks: Western Pennsylvania's Football Factory from Johnny Unitas to Joe Montana",
    "price": "22.50"
  },
  {
    "title": "Maybe Something Beautiful: How Art Transformed a Neighborhood",
    "price": "22.54"
  },
  {
    "title": "The Boys in the Boat: Nine Americans and Their Epic Quest for Gold at the 1936 Berlin Olympics",
    "price": "22.60"
  },
  {
    "title": "The Requiem Red",
    "price": "22.65"
  },
  {
    "title": "Charlie and the Chocolate Factory (Charlie Bucket #1)",
    "price": "22.85"
  },
  {
    "title": "The Da Vinci Code (Robert Langdon #2)",
    "price": "22.96"
  },
  {
    "title": "The Silkworm (Cormoran Strike #2)",
    "price": "23.05"
  },
  {
    "title": "#HigherSelfie: Wake Up Your Life. Free Your Soul. Find Your Tribe.",
    "price": "23.11"
  },
  {
    "title": "The Emerald Mystery",
    "price": "23.15"
  },
  {
    "title": "Three-Martini Lunch",
    "price": "23.21"
  },
  {
    "title": "The Road to Little Dribbling: Adventures of an American in Britain (Notes From a Small Island #2)",
    "price": "23.21"
  },
  {
    "title": "Harry Potter and the Deathly Hallows (Harry Potter #7)",
    "price": "23.32"
  },
  {
    "title": "Red Dragon (Hannibal Lecter #1)",
    "price": "23.37"
  },
  {
    "title": "The Loney",
    "price": "23.40"
  },
  {
    "title": "The Autobiography of Malcolm X",
    "price": "23.43"
  },
  {
    "title": "Rain Fish",
    "price": "23.57"
  },
  {
    "title": "The Smitten Kitchen Cookbook",
    "price": "23.59"
  },
  {
    "title": "Lola and the Boy Next Door (Anna and the French Kiss #2)",
    "price": "23.63"
  },
  {
    "title": "The Elephant Tree",
    "price": "23.82"
  },
  {
    "title": "Olio",
    "price": "23.88"
  },
  {
    "title": "The Mindfulness and Acceptance Workbook for Anxiety: A Guide to Breaking Free from Anxiety, Phobias, and Worry Using Acceptance and Commitment Therapy",
    "price": "23.89"
  },
  {
    "title": "Dark Places",
    "price": "23.90"
  },
  {
    "title": "Shoe Dog: A Memoir by the Creator of NIKE",
    "price": "23.99"
  },
  {
    "title": "We Are All Completely Beside Ourselves",
    "price": "24.04"
  },
  {
    "title": "The Wedding Dress",
    "price": "24.12"
  },
  {
    "title": "Harry Potter and the Prisoner of Azkaban (Harry Potter #3)",
    "price": "24.17"
  },
  {
    "title": "Sugar Rush (Offensive Line #2)",
    "price": "24.42"
  },
  {
    "title": "My Mrs. Brown",
    "price": "24.48"
  },
  {
    "title": "The Catcher in the Rye",
    "price": "24.55"
  },
  {
    "title": "10% Happier: How I Tamed the Voice in My Head, Reduced Stress Without Losing My Edge, and Found Self-Help That Actually Works",
    "price": "24.57"
  },
  {
    "title": "The Book of Mormon",
    "price": "24.57"
  },
  {
    "title": "Orange Is the New Black",
    "price": "24.61"
  },
  {
    "title": "Zealot: The Life and Times of Jesus of Nazareth",
    "price": "24.70"
  },
  {
    "title": "Soldier (Talon #3)",
    "price": "24.72"
  },
  {
    "title": "Career of Evil (Cormoran Strike #3)",
    "price": "24.72"
  },
  {
    "title": "The Little Paris Bookshop",
    "price": "24.73"
  },
  {
    "title": "The Mysterious Affair at Styles (Hercule Poirot #1)",
    "price": "24.80"
  },
  {
    "title": "Lord of the Flies",
    "price": "24.89"
  },
  {
    "title": "Mexican Today: New and Rediscovered Recipes for Contemporary Kitchens",
    "price": "24.91"
  },
  {
    "title": "Paradise Lost (Paradise #1)",
    "price": "24.96"
  },
  {
    "title": "Cometh the Hour (The Clifton Chronicles #6)",
    "price": "25.01"
  },
  {
    "title": "It",
    "price": "25.01"
  },
  {
    "title": "Saga, Volume 6 (Saga (Collected Editions) #6)",
    "price": "25.02"
  },
  {
    "title": "Lean In: Women, Work, and the Will to Lead",
    "price": "25.02"
  },
  {
    "title": "Love That Boy: What Two Presidents, Eight Road Trips, and My Son Taught Me About a Parent's Expectations",
    "price": "25.06"
  },
  {
    "title": "Nap-a-Roo",
    "price": "25.08"
  },
  {
    "title": "Talking to Girls About Duran Duran: One Young Man's Quest for True Love and a Cooler Haircut",
    "price": "25.15"
  },
  {
    "title": "Chase Me (Paris Nights #2)",
    "price": "25.27"
  },
  {
    "title": "What Happened on Beale Street (Secrets of the South Mysteries #2)",
    "price": "25.37"
  },
  {
    "title": "Through the Woods",
    "price": "25.38"
  },
  {
    "title": "Extreme Prey (Lucas Davenport #26)",
    "price": "25.40"
  },
  {
    "title": "Red Hood/Arsenal, Vol. 1: Open for Business (Red Hood/Arsenal #1)",
    "price": "25.48"
  },
  {
    "title": "Unbound: How Eight Technologies Made Us Human, Transformed Society, and Brought Our World to the Brink",
    "price": "25.52"
  },
  {
    "title": "Toddlers Are A**holes: It's Not Your Fault",
    "price": "25.55"
  },
  {
    "title": "Blue Like Jazz: Nonreligious Thoughts on Christian Spirituality",
    "price": "25.77"
  },
  {
    "title": "Surely You're Joking, Mr. Feynman!: Adventures of a Curious Character",
    "price": "25.83"
  },
  {
    "title": "Starlark",
    "price": "25.83"
  },
  {
    "title": "The First Hostage (J.B. Collins #2)",
    "price": "25.85"
  },
  {
    "title": "Meditations",
    "price": "25.89"
  },
  {
    "title": "The White Queen (The Cousins' War #1)",
    "price": "25.91"
  },
  {
    "title": "I Know What I'm Doing -- and Other Lies I Tell Myself: Dispatches from a Life Under Construction",
    "price": "25.98"
  },
  {
    "title": "1,000 Places to See Before You Die",
    "price": "26.08"
  },
  {
    "title": "Cinder (The Lunar Chronicles #1)",
    "price": "26.09"
  },
  {
    "title": "Soft Apocalypse",
    "price": "26.12"
  },
  {
    "title": "Life After Life",
    "price": "26.13"
  },
  {
    "title": "The Midnight Watch: A Novel of the Titanic and the Californian",
    "price": "26.20"
  },
  {
    "title": "The Nightingale",
    "price": "26.26"
  },
  {
    "title": "The Day the Crayons Came Home (Crayons)",
    "price": "26.33"
  },
  {
    "title": "Reasons to Stay Alive",
    "price": "26.41"
  },
  {
    "title": "Still Life with Bread Crumbs",
    "price": "26.41"
  },
  {
    "title": "Atlas Shrugged",
    "price": "26.58"
  },
  {
    "title": "Gratitude",
    "price": "26.66"
  },
  {
    "title": "Girl With a Pearl Earring",
    "price": "26.77"
  },
  {
    "title": "The Complete Stories and Poems (The Works of Edgar Allan Poe [Cameo Edition])",
    "price": "26.78"
  },
  {
    "title": "Let It Out: A Journey Through Journaling",
    "price": "26.79"
  },
  {
    "title": "Poisonous (Max Revere Novels #3)",
    "price": "26.80"
  },
  {
    "title": "13 Hours: The Inside Account of What Really Happened In Benghazi",
    "price": "27.06"
  },
  {
    "title": "Eligible (The Austen Project #4)",
    "price": "27.09"
  },
  {
    "title": "This Is Where It Ends",
    "price": "27.12"
  },
  {
    "title": "M Train",
    "price": "27.18"
  },
  {
    "title": "The Widow",
    "price": "27.26"
  },
  {
    "title": "Born to Run: A Hidden Tribe, Superathletes, and the Greatest Race the World Has Never Seen",
    "price": "27.35"
  },
  {
    "title": "The Secret (The Secret #1)",
    "price": "27.37"
  },
  {
    "title": "The Infinities",
    "price": "27.41"
  },
  {
    "title": "Best of My Love (Fool's Gold #20)",
    "price": "27.41"
  },
  {
    "title": "Becoming Wise: An Inquiry into the Mystery and Art of Living",
    "price": "27.43"
  },
  {
    "title": "The 10% Entrepreneur: Live Your Startup Dream Without Quitting Your Day Job",
    "price": "27.55"
  },
  {
    "title": "A History of God: The 4,000-Year Quest of Judaism, Christianity, and Islam",
    "price": "27.62"
  },
  {
    "title": "Lost Among the Living",
    "price": "27.70"
  },
  {
    "title": "God Is Not Great: How Religion Poisons Everything",
    "price": "27.80"
  },
  {
    "title": "The Time Keeper",
    "price": "27.88"
  },
  {
    "title": "The Shining (The Shining #1)",
    "price": "27.88"
  },
  {
    "title": "The Demon Prince of Momochi House, Vol. 4 (The Demon Prince of Momochi House #4)",
    "price": "27.88"
  },
  {
    "title": "The Haters",
    "price": "27.89"
  },
  {
    "title": "Barefoot Contessa Back to Basics",
    "price": "28.01"
  },
  {
    "title": "The Shack",
    "price": "28.03"
  },
  {
    "title": "Little Women (Little Women #1)",
    "price": "28.07"
  },
  {
    "title": "The Marriage of Opposites",
    "price": "28.08"
  },
  {
    "title": "Avatar: The Last Airbender: Smoke and Shadow, Part 3 (Smoke and Shadow #3)",
    "price": "28.09"
  },
  {
    "title": "A Fierce and Subtle Poison",
    "price": "28.13"
  },
  {
    "title": "The Geography of Bliss: One Grump's Search for the Happiest Places in the World",
    "price": "28.23"
  },
  {
    "title": "How to Be a Domestic Goddess: Baking and the Art of Comfort Cooking",
    "price": "28.25"
  },
  {
    "title": "Modern Romance",
    "price": "28.26"
  },
  {
    "title": "The Passion of Dolssa",
    "price": "28.32"
  },
  {
    "title": "Rhythm, Chord & Malykhin",
    "price": "28.34"
  },
  {
    "title": "Matilda",
    "price": "28.34"
  },
  {
    "title": "Diary of a Citizen Scientist: Chasing Tiger Beetles and Other New Ways of Engaging the World",
    "price": "28.41"
  },
  {
    "title": "Choosing Our Religion: The Spiritual Lives of America's Nones",
    "price": "28.42"
  },
  {
    "title": "The Midnight Assassin: Panic, Scandal, and the Hunt for America's First Serial Killer",
    "price": "28.45"
  },
  {
    "title": "Saga, Volume 1 (Saga (Collected Editions) #1)",
    "price": "28.48"
  },
  {
    "title": "Red: The True Story of Red Riding Hood",
    "price": "28.54"
  },
  {
    "title": "The Metamorphosis",
    "price": "28.58"
  },
  {
    "title": "The Help Yourself Cookbook for Kids: 60 Easy Plant-Based Recipes Kids Can Make to Stay Healthy and Save the Earth",
    "price": "28.77"
  },
  {
    "title": "Like Never Before (Walker Family #2)",
    "price": "28.77"
  },
  {
    "title": "Forever Rockers (The Rocker #12)",
    "price": "28.80"
  },
  {
    "title": "Burning",
    "price": "28.81"
  },
  {
    "title": "Hold Your Breath (Search and Rescue #1)",
    "price": "28.82"
  },
  {
    "title": "In the Garden of Beasts: Love, Terror, and an American Family in Hitler's Berlin",
    "price": "28.85"
  },
  {
    "title": "I Am Malala: The Girl Who Stood Up for Education and Was Shot by the Taliban",
    "price": "28.88"
  },
  {
    "title": "Mr. Mercedes (Bill Hodges Trilogy #1)",
    "price": "28.90"
  },
  {
    "title": "South of Sunshine",
    "price": "28.93"
  },
  {
    "title": "Origins (Alphas 0.5)",
    "price": "28.99"
  },
  {
    "title": "First Steps for New Christians (Print Edition)",
    "price": "29.00"
  },
  {
    "title": "Les Fleurs du Mal",
    "price": "29.04"
  },
  {
    "title": "Shobu Samurai, Project Aryoku (#3)",
    "price": "29.06"
  },
  {
    "title": "Call the Nurse: True Stories of a Country Nurse on a Scottish Isle",
    "price": "29.14"
  },
  {
    "title": "Looking for Lovely: Collecting the Moments that Matter",
    "price": "29.14"
  },
  {
    "title": "I Hate Fairyland, Vol. 1: Madly Ever After (I Hate Fairyland (Compilations) #1-5)",
    "price": "29.17"
  },
  {
    "title": "The Mirror & the Maze (The Wrath and the Dawn #1.5)",
    "price": "29.38"
  },
  {
    "title": "Morning Star (Red Rising #3)",
    "price": "29.40"
  },
  {
    "title": "The Selfish Gene",
    "price": "29.45"
  },
  {
    "title": "Man's Search for Meaning",
    "price": "29.48"
  },
  {
    "title": "The Land of 10,000 Madonnas",
    "price": "29.64"
  },
  {
    "title": "The Odyssey",
    "price": "29.64"
  },
  {
    "title": "Island of Dragons (Unwanteds #7)",
    "price": "29.65"
  },
  {
    "title": "Forever and Forever: The Courtship of Henry Longfellow and Fanny Appleton",
    "price": "29.69"
  },
  {
    "title": "The Picture of Dorian Gray",
    "price": "29.70"
  },
  {
    "title": "Bridget Jones's Diary (Bridget Jones #1)",
    "price": "29.82"
  },
  {
    "title": "The Hunger Games (The Hunger Games #1)",
    "price": "29.85"
  },
  {
    "title": "All the Light We Cannot See",
    "price": "29.87"
  },
  {
    "title": "Ouran High School Host Club, Vol. 1 (Ouran High School Host Club #1)",
    "price": "29.87"
  },
  {
    "title": "At The Existentialist Café: Freedom, Being, and apricot cocktails with: Jean-Paul Sartre, Simone de Beauvoir, Albert Camus, Martin Heidegger, Edmund Husserl, Karl Jaspers, Maurice Merleau-Ponty and others",
    "price": "29.93"
  },
  {
    "title": "Frostbite (Vampire Academy #2)",
    "price": "29.99"
  },
  {
    "title": "Under the Banner of Heaven: A Story of Violent Faith",
    "price": "30.00"
  },
  {
    "title": "God: The Most Unpleasant Character in All Fiction",
    "price": "30.03"
  },
  {
    "title": "Mrs. Houdini",
    "price": "30.25"
  },
  {
    "title": "A Walk in the Woods: Rediscovering America on the Appalachian Trail",
    "price": "30.48"
  },
  {
    "title": "Foolproof Preserving: A Guide to Small Batch Jams, Jellies, Pickles, Condiments, and More: A Foolproof Guide to Making Small Batch Jams, Jellies, Pickles, Condiments, and More",
    "price": "30.52"
  },
  {
    "title": "The Great Railway Bazaar",
    "price": "30.54"
  },
  {
    "title": "The Raven King (The Raven Cycle #4)",
    "price": "30.57"
  },
  {
    "title": "Ship Leaves Harbor: Essays on Travel by a Recovering Journeyman",
    "price": "30.60"
  },
  {
    "title": "Seven Brief Lessons on Physics",
    "price": "30.60"
  },
  {
    "title": "The Bette Davis Club",
    "price": "30.66"
  },
  {
    "title": "Big Magic: Creative Living Beyond Fear",
    "price": "30.80"
  },
  {
    "title": "Algorithms to Live By: The Computer Science of Human Decisions",
    "price": "30.81"
  },
  {
    "title": "When You Are Engulfed in Flames",
    "price": "30.89"
  },
  {
    "title": "Twenty Love Poems and a Song of Despair",
    "price": "30.95"
  },
  {
    "title": "8 Keys to Mental Health Through Exercise",
    "price": "31.04"
  },
  {
    "title": "The Five Love Languages: How to Express Heartfelt Commitment to Your Mate",
    "price": "31.05"
  },
  {
    "title": "Throwing Rocks at the Google Bus: How Growth Became the Enemy of Prosperity",
    "price": "31.12"
  },
  {
    "title": "Please Kill Me: The Uncensored Oral History of Punk",
    "price": "31.19"
  },
  {
    "title": "A Storm of Swords (A Song of Ice and Fire #3)",
    "price": "31.22"
  },
  {
    "title": "A Girl's Guide to Moving On (New Beginnings #2)",
    "price": "31.30"
  },
  {
    "title": "The Sense of an Ending",
    "price": "31.38"
  },
  {
    "title": "Original Fake",
    "price": "31.45"
  },
  {
    "title": "Killing Floor (Jack Reacher #1)",
    "price": "31.49"
  },
  {
    "title": "The Makings of a Fatherless Child",
    "price": "31.58"
  },
  {
    "title": "Life",
    "price": "31.58"
  },
  {
    "title": "My Mother Was Nuts",
    "price": "31.63"
  },
  {
    "title": "Harry Potter and the Order of the Phoenix (Harry Potter #5)",
    "price": "31.63"
  },
  {
    "title": "Naked",
    "price": "31.69"
  },
  {
    "title": "When We Collided",
    "price": "31.77"
  },
  {
    "title": "Carry On, Warrior: Thoughts on Life Unarmed",
    "price": "31.85"
  },
  {
    "title": "We the People: The Modern-Day Figures Who Have Reshaped and Affirmed the Founding Fathers' Vision of America",
    "price": "31.95"
  },
  {
    "title": "The Bridge to Consciousness: I'm Writing the Bridge Between Science and Our Old and New Beliefs.",
    "price": "32.00"
  },
  {
    "title": "Batman: Europa",
    "price": "32.01"
  },
  {
    "title": "The Activist's Tao Te Ching: Ancient Advice for a Modern Revolution",
    "price": "32.24"
  },
  {
    "title": "The Star-Touched Queen",
    "price": "32.30"
  },
  {
    "title": "The Art Book",
    "price": "32.34"
  },
  {
    "title": "Data, A Love Story: How I Gamed Online Dating to Meet My Match",
    "price": "32.35"
  },
  {
    "title": "Walk the Edge (Thunder Road #2)",
    "price": "32.36"
  },
  {
    "title": "On the Road (Duluoz Legend)",
    "price": "32.36"
  },
  {
    "title": "Playing from the Heart",
    "price": "32.38"
  },
  {
    "title": "Foundation (Foundation (Publication Order) #1)",
    "price": "32.42"
  },
  {
    "title": "Gone with the Wind",
    "price": "32.49"
  },
  {
    "title": "The Wedding Pact (The O'Malleys #2)",
    "price": "32.61"
  },
  {
    "title": "Two Boys Kissing",
    "price": "32.74"
  },
  {
    "title": "One for the Money (Stephanie Plum #1)",
    "price": "32.87"
  },
  {
    "title": "Emma",
    "price": "32.93"
  },
  {
    "title": "World Without End (The Pillars of the Earth #2)",
    "price": "32.97"
  },
  {
    "title": "The Shadow Hero (The Shadow Hero)",
    "price": "33.14"
  },
  {
    "title": "Hungry Girl Clean & Hungry: Easy All-Natural Recipes for Healthy Eating in the Real World",
    "price": "33.14"
  },
  {
    "title": "The 7 Habits of Highly Effective People: Powerful Lessons in Personal Change",
    "price": "33.17"
  },
  {
    "title": "Don't Forget Steven",
    "price": "33.23"
  },
  {
    "title": "The Lonely City: Adventures in the Art of Being Alone",
    "price": "33.26"
  },
  {
    "title": "Life, the Universe and Everything (Hitchhiker's Guide to the Galaxy #3)",
    "price": "33.26"
  },
  {
    "title": "Penny Maybe",
    "price": "33.29"
  },
  {
    "title": "The Dirty Little Secrets of Getting Your Dream Job",
    "price": "33.34"
  },
  {
    "title": "The Art of War",
    "price": "33.34"
  },
  {
    "title": "My Paris Kitchen: Recipes and Stories",
    "price": "33.37"
  },
  {
    "title": "You can't bury them all: Poems",
    "price": "33.63"
  },
  {
    "title": "The Republic",
    "price": "33.78"
  },
  {
    "title": "The Lean Startup: How Today's Entrepreneurs Use Continuous Innovation to Create Radically Successful Businesses",
    "price": "33.92"
  },
  {
    "title": "Fruits Basket, Vol. 9 (Fruits Basket #9)",
    "price": "33.95"
  },
  {
    "title": "Her Backup Boyfriend (The Sorensen Family #1)",
    "price": "33.97"
  },
  {
    "title": "Kindle Paperwhite User's Guide",
    "price": "34.00"
  },
  {
    "title": "Zero to One: Notes on Startups, or How to Build the Future",
    "price": "34.06"
  },
  {
    "title": "Blue Lily, Lily Blue (The Raven Cycle #3)",
    "price": "34.13"
  },
  {
    "title": "Angels Walking (Angels Walking #1)",
    "price": "34.20"
  },
  {
    "title": "Siddhartha",
    "price": "34.22"
  },
  {
    "title": "The Art of Simple Food: Notes, Lessons, and Recipes from a Delicious Revolution",
    "price": "34.32"
  },
  {
    "title": "Raymie Nightingale",
    "price": "34.41"
  },
  {
    "title": "The Dream Thieves (The Raven Cycle #2)",
    "price": "34.50"
  },
  {
    "title": "Black Dust",
    "price": "34.53"
  },
  {
    "title": "The Secret Healer",
    "price": "34.56"
  },
  {
    "title": "Bleach, Vol. 1: Strawberry and the Soul Reapers (Bleach #1)",
    "price": "34.65"
  },
  {
    "title": "The Year of Living Biblically: One Man's Humble Quest to Follow the Bible as Literally as Possible",
    "price": "34.72"
  },
  {
    "title": "Imperfect Harmony",
    "price": "34.74"
  },
  {
    "title": "Zero History (Blue Ant #3)",
    "price": "34.77"
  },
  {
    "title": "The Rest Is Noise: Listening to the Twentieth Century",
    "price": "34.77"
  },
  {
    "title": "Misery",
    "price": "34.79"
  },
  {
    "title": "Far From True (Promise Falls Trilogy #2)",
    "price": "34.93"
  },
  {
    "title": "Drive: The Surprising Truth About What Motivates Us",
    "price": "34.95"
  },
  {
    "title": "Having the Barbarian's Baby (Ice Planet Barbarians #7.5)",
    "price": "34.96"
  },
  {
    "title": "Manuscript Found in Accra",
    "price": "34.98"
  },
  {
    "title": "And Then There Were None",
    "price": "35.01"
  },
  {
    "title": "Rip it Up and Start Again",
    "price": "35.02"
  },
  {
    "title": "Throne of Glass (Throne of Glass #1)",
    "price": "35.07"
  },
  {
    "title": "Most Wanted",
    "price": "35.28"
  },
  {
    "title": "Breaking Dawn (Twilight #4)",
    "price": "35.28"
  },
  {
    "title": "The Darkest Lie",
    "price": "35.35"
  },
  {
    "title": "So Cute It Hurts!!, Vol. 6 (So Cute It Hurts!! #6)",
    "price": "35.43"
  },
  {
    "title": "Doing It Over (Most Likely To #1)",
    "price": "35.61"
  },
  {
    "title": "Dracula the Un-Dead",
    "price": "35.63"
  },
  {
    "title": "The Red Tent",
    "price": "35.66"
  },
  {
    "title": "Join",
    "price": "35.67"
  },
  {
    "title": "The Drowning Girls",
    "price": "35.67"
  },
  {
    "title": "23 Degrees South: A Tropical Tale of Changing Whether...",
    "price": "35.79"
  },
  {
    "title": "The Grownup",
    "price": "35.88"
  },
  {
    "title": "Chernobyl 01:23:40: The Incredible True Story of the World's Worst Nuclear Disaster",
    "price": "35.92"
  },
  {
    "title": "The Whale",
    "price": "35.96"
  },
  {
    "title": "The Psychopath Test: A Journey Through the Madness Industry",
    "price": "36.00"
  },
  {
    "title": "The Great Gatsby",
    "price": "36.05"
  },
  {
    "title": "Cosmos",
    "price": "36.17"
  },
  {
    "title": "The Silent Twin (Detective Jennifer Knight #3)",
    "price": "36.25"
  },
  {
    "title": "The Last Girl (The Dominion Trilogy #1)",
    "price": "36.26"
  },
  {
    "title": "Political Suicide: Missteps, Peccadilloes, Bad Calls, Backroom Hijinx, Sordid Pasts, Rotten Breaks, and Just Plain Dumb Mistakes in the Annals of American Politics",
    "price": "36.28"
  },
  {
    "title": "The Hook Up (Game On #1)",
    "price": "36.29"
  },
  {
    "title": "The Nicomachean Ethics",
    "price": "36.34"
  },
  {
    "title": "My Life Next Door (My Life Next Door )",
    "price": "36.39"
  },
  {
    "title": "Death Note, Vol. 6: Give-and-Take (Death Note #6)",
    "price": "36.39"
  },
  {
    "title": "Batman: The Long Halloween (Batman)",
    "price": "36.50"
  },
  {
    "title": "The Wicked + The Divine, Vol. 1: The Faust Act (The Wicked + The Divine)",
    "price": "36.52"
  },
  {
    "title": "I Know Why the Caged Bird Sings (Maya Angelou's Autobiography #1)",
    "price": "36.55"
  },
  {
    "title": "Amid the Chaos",
    "price": "36.58"
  },
  {
    "title": "Daily Fantasy Sports",
    "price": "36.58"
  },
  {
    "title": "Codename Baboushka, Volume 1: The Conclave of Death",
    "price": "36.72"
  },
  {
    "title": "Stiff: The Curious Lives of Human Cadavers",
    "price": "36.74"
  },
  {
    "title": "The Paris Wife",
    "price": "36.80"
  },
  {
    "title": "Annie on My Mind",
    "price": "36.83"
  },
  {
    "title": "The Bear and the Piano",
    "price": "36.89"
  },
  {
    "title": "The E-Myth Revisited: Why Most Small Businesses Don't Work and What to Do About It",
    "price": "36.91"
  },
  {
    "title": "Romero and Juliet: A Tragic Tale of Love and Zombies",
    "price": "36.94"
  },
  {
    "title": "Vagabonding: An Uncommon Guide to the Art of Long-Term World Travel",
    "price": "36.94"
  },
  {
    "title": "The House by the Lake",
    "price": "36.95"
  },
  {
    "title": "Psycho: Sanitarium (Psycho #1.5)",
    "price": "36.97"
  },
  {
    "title": "Good in Bed (Cannie Shapiro #1)",
    "price": "37.05"
  },
  {
    "title": "V for Vendetta (V for Vendetta Complete)",
    "price": "37.10"
  },
  {
    "title": "The Gutsy Girl: Escapades for Your Life of Epic Adventure",
    "price": "37.13"
  },
  {
    "title": "The Purpose Driven Life: What on Earth Am I Here for?",
    "price": "37.19"
  },
  {
    "title": "The Name of God is Mercy",
    "price": "37.25"
  },
  {
    "title": "Bounty (Colorado Mountain #7)",
    "price": "37.26"
  },
  {
    "title": "How Music Works",
    "price": "37.32"
  },
  {
    "title": "Under the Tuscan Sun",
    "price": "37.33"
  },
  {
    "title": "The Nerdy Nummies Cookbook: Sweet Treats for the Geek in All of Us",
    "price": "37.34"
  },
  {
    "title": "Wonder Woman: Earth One, Volume One (Wonder Woman: Earth One #1)",
    "price": "37.34"
  },
  {
    "title": "The Invention of Wings",
    "price": "37.34"
  },
  {
    "title": "Catastrophic Happiness: Finding Joy in Childhood's Messy Years",
    "price": "37.35"
  },
  {
    "title": "The Song of Achilles",
    "price": "37.40"
  },
  {
    "title": "Sense and Sensibility",
    "price": "37.46"
  },
  {
    "title": "Demigods & Magicians: Percy and Annabeth Meet the Kanes (Percy Jackson & Kane Chronicles Crossover #1-3)",
    "price": "37.51"
  },
  {
    "title": "Death by Leisure: A Cautionary Tale",
    "price": "37.51"
  },
  {
    "title": "Horrible Bear!",
    "price": "37.52"
  },
  {
    "title": "Tipping Point for Planet Earth: How Close Are We to the Edge?",
    "price": "37.55"
  },
  {
    "title": "Mesaerion: The Best Science Fiction Stories 1800-1849",
    "price": "37.59"
  },
  {
    "title": "The Love and Lemons Cookbook: An Apple-to-Zucchini Celebration of Impromptu Cooking",
    "price": "37.60"
  },
  {
    "title": "Gone Girl",
    "price": "37.60"
  },
  {
    "title": "More Than Music (Chasing the Dream #1)",
    "price": "37.61"
  },
  {
    "title": "Done Rubbed Out (Reightman & Bailey #1)",
    "price": "37.72"
  },
  {
    "title": "Chasing Heaven: What Dying Taught Me About Living",
    "price": "37.80"
  },
  {
    "title": "Buying In: The Secret Dialogue Between What We Buy and Who We Are",
    "price": "37.80"
  },
  {
    "title": "Rook",
    "price": "37.86"
  },
  {
    "title": "Bitch Planet, Vol. 1: Extraordinary Machine (Bitch Planet (Collected Editions))",
    "price": "37.92"
  },
  {
    "title": "Don't Be a Jerk: And Other Practical Advice from Dogen, Japan's Greatest Zen Master",
    "price": "37.97"
  },
  {
    "title": "Frankenstein",
    "price": "38.00"
  },
  {
    "title": "Awkward",
    "price": "38.02"
  },
  {
    "title": "If I Stay (If I Stay #1)",
    "price": "38.13"
  },
  {
    "title": "The Nameless City (The Nameless City #1)",
    "price": "38.16"
  },
  {
    "title": "Whole Lotta Creativity Going On: 60 Fun and Unusual Exercises to Awaken and Strengthen Your Creativity",
    "price": "38.20"
  },
  {
    "title": "The Omnivore's Dilemma: A Natural History of Four Meals",
    "price": "38.21"
  },
  {
    "title": "Nightingale, Sing",
    "price": "38.28"
  },
  {
    "title": "Beowulf",
    "price": "38.35"
  },
  {
    "title": "In the Woods (Dublin Murder Squad #1)",
    "price": "38.38"
  },
  {
    "title": "Naruto (3-in-1 Edition), Vol. 14: Includes Vols. 40, 41 & 42 (Naruto: Omnibus #14)",
    "price": "38.39"
  },
  {
    "title": "This Is Your Brain on Music: The Science of a Human Obsession",
    "price": "38.40"
  },
  {
    "title": "Jane Eyre",
    "price": "38.43"
  },
  {
    "title": "The Artist's Way: A Spiritual Path to Higher Creativity",
    "price": "38.49"
  },
  {
    "title": "Fellside",
    "price": "38.62"
  },
  {
    "title": "Drama",
    "price": "38.70"
  },
  {
    "title": "The Jazz of Physics: The Secret Link Between Music and the Structure of the Universe",
    "price": "38.71"
  },
  {
    "title": "Searching for Meaning in Gailana",
    "price": "38.73"
  },
  {
    "title": "A la Mode: 120 Recipes in 60 Pairings: Pies, Tarts, Cakes, Crisps, and More Topped with Ice Cream, Gelato, Frozen Custard, and More",
    "price": "38.77"
  },
  {
    "title": "The Crossover",
    "price": "38.77"
  },
  {
    "title": "Made to Stick: Why Some Ideas Survive and Others Die",
    "price": "38.85"
  },
  {
    "title": "Smarter Faster Better: The Secrets of Being Productive in Life and Business",
    "price": "38.89"
  },
  {
    "title": "My Perfect Mistake (Over the Top #1)",
    "price": "38.92"
  },
  {
    "title": "Neither Here nor There: Travels in Europe",
    "price": "38.95"
  },
  {
    "title": "A Paris Apartment",
    "price": "39.01"
  },
  {
    "title": "Bright Lines",
    "price": "39.07"
  },
  {
    "title": "Persepolis: The Story of a Childhood (Persepolis #1-2)",
    "price": "39.13"
  },
  {
    "title": "The 14th Colony (Cotton Malone #11)",
    "price": "39.24"
  },
  {
    "title": "Dead Wake: The Last Crossing of the Lusitania",
    "price": "39.24"
  },
  {
    "title": "Fighting Fate (Fighting #6)",
    "price": "39.24"
  },
  {
    "title": "Security",
    "price": "39.25"
  },
  {
    "title": "When Breath Becomes Air",
    "price": "39.36"
  },
  {
    "title": "Ms. Marvel, Vol. 1: No Normal (Ms. Marvel (2014-2015) #1)",
    "price": "39.39"
  },
  {
    "title": "The Golden Condom: And Other Essays on Love Lost and Found",
    "price": "39.43"
  },
  {
    "title": "Off Sides (Off #1)",
    "price": "39.45"
  },
  {
    "title": "Steve Jobs",
    "price": "39.50"
  },
  {
    "title": "Ways of Seeing",
    "price": "39.51"
  },
  {
    "title": "The Faith of Christopher Hitchens: The Restless Soul of the World's Most Notorious Atheist",
    "price": "39.55"
  },
  {
    "title": "Soul Reader",
    "price": "39.58"
  },
  {
    "title": "King's Folly (The Kinsman Chronicles #1)",
    "price": "39.61"
  },
  {
    "title": "Better Homes and Gardens New Cook Book",
    "price": "39.61"
  },
  {
    "title": "Shadows of the Past (Logan Point #1)",
    "price": "39.67"
  },
  {
    "title": "The Rise and Fall of the Third Reich: A History of Nazi Germany",
    "price": "39.67"
  },
  {
    "title": "A Man Called Ove",
    "price": "39.72"
  },
  {
    "title": "Where Lightning Strikes (Bleeding Stars #3)",
    "price": "39.77"
  },
  {
    "title": "Layered: Baking, Building, and Styling Spectacular Cakes",
    "price": "40.11"
  },
  {
    "title": "Doctor Sleep (The Shining #2)",
    "price": "40.12"
  },
  {
    "title": "Notes from a Small Island (Notes From a Small Island #1)",
    "price": "40.17"
  },
  {
    "title": "Sister Dear",
    "price": "40.20"
  },
  {
    "title": "Fruits Basket, Vol. 1 (Fruits Basket #1)",
    "price": "40.28"
  },
  {
    "title": "Worlds Elsewhere: Journeys Around Shakespeare’s Globe",
    "price": "40.30"
  },
  {
    "title": "Deception Point",
    "price": "40.32"
  },
  {
    "title": "My Kind of Crazy",
    "price": "40.36"
  },
  {
    "title": "Icing (Aces Hockey #2)",
    "price": "40.44"
  },
  {
    "title": "Howl and Other Poems",
    "price": "40.45"
  },
  {
    "title": "The Immortal Life of Henrietta Lacks",
    "price": "40.67"
  },
  {
    "title": "Left Behind (Left Behind #1)",
    "price": "40.72"
  },
  {
    "title": "The Art Forger",
    "price": "40.76"
  },
  {
    "title": "A People's History of the United States",
    "price": "40.79"
  },
  {
    "title": "Dirty (Dive Bar #1)",
    "price": "40.83"
  },
  {
    "title": "The Art of Not Breathing",
    "price": "40.83"
  },
  {
    "title": "Lab Girl",
    "price": "40.85"
  },
  {
    "title": "Black Flags: The Rise of ISIS",
    "price": "40.87"
  },
  {
    "title": "Inferno (Robert Langdon #4)",
    "price": "41.00"
  },
  {
    "title": "Night Sky with Exit Wounds",
    "price": "41.05"
  },
  {
    "title": "Poses for Artists Volume 1 - Dynamic and Sitting Poses: An Essential Reference for Figure Drawing and the Human Form",
    "price": "41.06"
  },
  {
    "title": "The Story of Art",
    "price": "41.14"
  },
  {
    "title": "Charity's Cross (Charles Towne Belles #4)",
    "price": "41.24"
  },
  {
    "title": "The Cookies & Cups Cookbook: 125+ sweet & savory recipes reminding you to Always Eat Dessert First",
    "price": "41.25"
  },
  {
    "title": "The Complete Poems",
    "price": "41.32"
  },
  {
    "title": "While You Were Mine",
    "price": "41.32"
  },
  {
    "title": "The Martian (The Martian #1)",
    "price": "41.39"
  },
  {
    "title": "Furiously Happy: A Funny Book About Horrible Things",
    "price": "41.46"
  },
  {
    "title": "My Name Is Lucy Barton",
    "price": "41.56"
  },
  {
    "title": "The Tumor",
    "price": "41.56"
  },
  {
    "title": "Tracing Numbers on a Train",
    "price": "41.60"
  },
  {
    "title": "Fables, Vol. 1: Legends in Exile (Fables #1)",
    "price": "41.62"
  },
  {
    "title": "Rise of the Rocket Girls: The Women Who Propelled Us, from Missiles to the Moon to Mars",
    "price": "41.67"
  },
  {
    "title": "Where She Went (If I Stay #2)",
    "price": "41.73"
  },
  {
    "title": "Tell Me Three Things",
    "price": "41.81"
  },
  {
    "title": "The Kite Runner",
    "price": "41.82"
  },
  {
    "title": "Spark Joy: An Illustrated Master Class on the Art of Organizing and Tidying Up",
    "price": "41.83"
  },
  {
    "title": "Twilight (Twilight #1)",
    "price": "41.93"
  },
  {
    "title": "Skip Beat!, Vol. 01 (Skip Beat! #1)",
    "price": "42.12"
  },
  {
    "title": "Girl, Interrupted",
    "price": "42.14"
  },
  {
    "title": "The Vacationers",
    "price": "42.15"
  },
  {
    "title": "Deliciously Ella Every Day: Quick and Easy Recipes for Gluten-Free Snacks, Packed Lunches, and Simple Meals",
    "price": "42.16"
  },
  {
    "title": "Golden (Heart of Dread #3)",
    "price": "42.21"
  },
  {
    "title": "Evicted: Poverty and Profit in the American City",
    "price": "42.27"
  },
  {
    "title": "It's Never Too Late to Begin Again: Discovering Creativity and Meaning at Midlife and Beyond",
    "price": "42.38"
  },
  {
    "title": "Shatter Me (Shatter Me #1)",
    "price": "42.40"
  },
  {
    "title": "The Rise of Theodore Roosevelt (Theodore Roosevelt #1)",
    "price": "42.57"
  },
  {
    "title": "Grayson, Vol 3: Nemesis (Grayson #3)",
    "price": "42.72"
  },
  {
    "title": "The Bourne Identity (Jason Bourne #1)",
    "price": "42.78"
  },
  {
    "title": "Twenties Girl",
    "price": "42.80"
  },
  {
    "title": "The Mathews Men: Seven Brothers and the War Against Hitler's U-boats",
    "price": "42.91"
  },
  {
    "title": "A World of Flavor: Your Gluten Free Passport",
    "price": "42.95"
  },
  {
    "title": "The Most Perfect Thing: Inside (and Outside) a Bird's Egg",
    "price": "42.96"
  },
  {
    "title": "Hollow City (Miss Peregrine’s Peculiar Children #2)",
    "price": "42.98"
  },
  {
    "title": "The New Drawing on the Right Side of the Brain",
    "price": "43.02"
  },
  {
    "title": "The Year of Magical Thinking",
    "price": "43.04"
  },
  {
    "title": "Quench Your Own Thirst: Business Lessons Learned Over a Beer or Two",
    "price": "43.14"
  },
  {
    "title": "The Story of Hong Gildong",
    "price": "43.19"
  },
  {
    "title": "The Joy of Cooking",
    "price": "43.27"
  },
  {
    "title": "City of Bones (The Mortal Instruments #1)",
    "price": "43.28"
  },
  {
    "title": "Crown of Midnight (Throne of Glass #2)",
    "price": "43.29"
  },
  {
    "title": "The Mistake (Off-Campus #2)",
    "price": "43.29"
  },
  {
    "title": "William Shakespeare's Star Wars: Verily, A New Hope (William Shakespeare's Star Wars #4)",
    "price": "43.30"
  },
  {
    "title": "Beyond Good and Evil",
    "price": "43.38"
  },
  {
    "title": "The Exiled",
    "price": "43.45"
  },
  {
    "title": "The Power of Now: A Guide to Spiritual Enlightenment",
    "price": "43.54"
  },
  {
    "title": "Scarlett Epstein Hates It Here",
    "price": "43.55"
  },
  {
    "title": "Quiet: The Power of Introverts in a World That Can't Stop Talking",
    "price": "43.55"
  },
  {
    "title": "Meternity",
    "price": "43.58"
  },
  {
    "title": "The Goldfinch",
    "price": "43.58"
  },
  {
    "title": "The Lonely Ones",
    "price": "43.59"
  },
  {
    "title": "You (You #1)",
    "price": "43.61"
  },
  {
    "title": "The Unlikely Pilgrimage of Harold Fry (Harold Fry #1)",
    "price": "43.62"
  },
  {
    "title": "Prodigy: The Graphic Novel (Legend: The Graphic Novel #2)",
    "price": "43.63"
  },
  {
    "title": "Ender's Game (The Ender Quintet #1)",
    "price": "43.64"
  },
  {
    "title": "Dress Your Family in Corduroy and Denim",
    "price": "43.68"
  },
  {
    "title": "Legend (Legend #1)",
    "price": "43.69"
  },
  {
    "title": "House of Lost Worlds: Dinosaurs, Dynasties, and the Story of Life on Earth",
    "price": "43.70"
  },
  {
    "title": "Eragon (The Inheritance Cycle #1)",
    "price": "43.87"
  },
  {
    "title": "The New Brand You: Your New Image Makes the Sale for You",
    "price": "44.05"
  },
  {
    "title": "The Long Haul (Diary of a Wimpy Kid #9)",
    "price": "44.07"
  },
  {
    "title": "Heir to the Sky",
    "price": "44.07"
  },
  {
    "title": "The Murder of Roger Ackroyd (Hercule Poirot #4)",
    "price": "44.10"
  },
  {
    "title": "Clockwork Angel (The Infernal Devices #1)",
    "price": "44.14"
  },
  {
    "title": "Wall and Piece",
    "price": "44.18"
  },
  {
    "title": "Unseen City: The Majesty of Pigeons, the Discreet Charm of Snails & Other Wonders of the Urban Wilderness",
    "price": "44.18"
  },
  {
    "title": "Three Wishes (River of Time: California #1)",
    "price": "44.18"
  },
  {
    "title": "I Will Find You",
    "price": "44.21"
  },
  {
    "title": "The Glittering Court (The Glittering Court #1)",
    "price": "44.28"
  },
  {
    "title": "The Devil Wears Prada (The Devil Wears Prada #1)",
    "price": "44.29"
  },
  {
    "title": "A Summer In Europe",
    "price": "44.34"
  },
  {
    "title": "The Songs of the Gods",
    "price": "44.48"
  },
  {
    "title": "\"Most Blessed of the Patriarchs\": Thomas Jefferson and the Empire of the Imagination",
    "price": "44.48"
  },
  {
    "title": "The Expatriates",
    "price": "44.58"
  },
  {
    "title": "The Bane Chronicles (The Bane Chronicles #1-11)",
    "price": "44.73"
  },
  {
    "title": "Sorting the Beef from the Bull: The Science of Food Fraud Forensics",
    "price": "44.74"
  },
  {
    "title": "A Gathering of Shadows (Shades of Magic #2)",
    "price": "44.81"
  },
  {
    "title": "The Book of Basketball: The NBA According to The Sports Guy",
    "price": "44.84"
  },
  {
    "title": "Rework",
    "price": "44.88"
  },
  {
    "title": "Settling the Score (The Summer Games #1)",
    "price": "44.91"
  },
  {
    "title": "The New Guy (and Other Senior Year Distractions)",
    "price": "44.92"
  },
  {
    "title": "Jurassic Park (Jurassic Park #1)",
    "price": "44.97"
  },
  {
    "title": "Kill 'Em and Leave: Searching for James Brown and the American Soul",
    "price": "45.05"
  },
  {
    "title": "Without Borders (Wanderlove #1)",
    "price": "45.07"
  },
  {
    "title": "Let's Pretend This Never Happened: A Mostly True Memoir",
    "price": "45.11"
  },
  {
    "title": "For the Love: Fighting for Grace in a World of Impossible Standards",
    "price": "45.13"
  },
  {
    "title": "Lies and Other Acts of Love",
    "price": "45.14"
  },
  {
    "title": "It's Only the Himalayas",
    "price": "45.17"
  },
  {
    "title": "Fruits Basket, Vol. 3 (Fruits Basket #3)",
    "price": "45.17"
  },
  {
    "title": "Take Me with You",
    "price": "45.21"
  },
  {
    "title": "The Natural History of Us (The Fine Art of Pretending #2)",
    "price": "45.22"
  },
  {
    "title": "Hawkeye, Vol. 1: My Life as a Weapon (Hawkeye #1)",
    "price": "45.24"
  },
  {
    "title": "The Little Prince",
    "price": "45.42"
  },
  {
    "title": "The Obsession",
    "price": "45.43"
  },
  {
    "title": "Tell the Wind and Fire",
    "price": "45.51"
  },
  {
    "title": "The Firm",
    "price": "45.56"
  },
  {
    "title": "Swell: A Year of Waves",
    "price": "45.58"
  },
  {
    "title": "Lumberjanes, Vol. 1: Beware the Kitten Holy (Lumberjanes #1-4)",
    "price": "45.61"
  },
  {
    "title": "The Undomestic Goddess",
    "price": "45.75"
  },
  {
    "title": "Glory over Everything: Beyond The Kitchen House",
    "price": "45.84"
  },
  {
    "title": "Unbroken: A World War II Story of Survival, Resilience, and Redemption",
    "price": "45.95"
  },
  {
    "title": "How to Cook Everything Vegetarian: Simple Meatless Recipes for Great Food (How to Cook Everything)",
    "price": "46.01"
  },
  {
    "title": "The Star-Touched Queen",
    "price": "46.02"
  },
  {
    "title": "Wild: From Lost to Found on the Pacific Crest Trail",
    "price": "46.02"
  },
  {
    "title": "How to Be Miserable: 40 Strategies You Already Use",
    "price": "46.03"
  },
  {
    "title": "The Beast (Black Dagger Brotherhood #14)",
    "price": "46.08"
  },
  {
    "title": "Carrie",
    "price": "46.23"
  },
  {
    "title": "The Silent Sister (Riley MacPherson #1)",
    "price": "46.29"
  },
  {
    "title": "Sarah's Key",
    "price": "46.29"
  },
  {
    "title": "Until Friday Night (The Field Party #1)",
    "price": "46.31"
  },
  {
    "title": "Unreasonable Hope: Finding Faith in the God Who Brings Purpose to Your Pain",
    "price": "46.33"
  },
  {
    "title": "Online Marketing for Busy Authors: A Step-By-Step Guide",
    "price": "46.35"
  },
  {
    "title": "A Game of Thrones (A Song of Ice and Fire #1)",
    "price": "46.42"
  },
  {
    "title": "Shopaholic & Baby (Shopaholic #5)",
    "price": "46.45"
  },
  {
    "title": "Every Last Word",
    "price": "46.47"
  },
  {
    "title": "How to Stop Worrying and Start Living",
    "price": "46.49"
  },
  {
    "title": "Musicophilia: Tales of Music and the Brain",
    "price": "46.58"
  },
  {
    "title": "Finding God in the Ruins: How God Redeems Pain",
    "price": "46.64"
  },
  {
    "title": "salt.",
    "price": "46.78"
  },
  {
    "title": "Anonymous",
    "price": "46.82"
  },
  {
    "title": "Girl in the Blue Coat",
    "price": "46.83"
  },
  {
    "title": "The God Delusion",
    "price": "46.85"
  },
  {
    "title": "Lumberjanes, Vol. 2: Friendship to the Max (Lumberjanes #5-8)",
    "price": "46.91"
  },
  {
    "title": "Living Leadership by Insight: A Good Leader Achieves, a Great Leader Builds Monuments",
    "price": "46.91"
  },
  {
    "title": "Rat Queens, Vol. 1: Sass & Sorcery (Rat Queens (Collected Editions) #1-5)",
    "price": "46.96"
  },
  {
    "title": "Hush, Hush (Hush, Hush #1)",
    "price": "47.02"
  },
  {
    "title": "Deep Under (Walker Security #1)",
    "price": "47.09"
  },
  {
    "title": "Of Mice and Men",
    "price": "47.11"
  },
  {
    "title": "Kierkegaard: A Christian Missionary to Christians",
    "price": "47.13"
  },
  {
    "title": "The Fault in Our Stars",
    "price": "47.22"
  },
  {
    "title": "City of Ashes (The Mortal Instruments #2)",
    "price": "47.27"
  },
  {
    "title": "Will Grayson, Will Grayson (Will Grayson, Will Grayson)",
    "price": "47.31"
  },
  {
    "title": "Modern Day Fables",
    "price": "47.44"
  },
  {
    "title": "Needful Things",
    "price": "47.51"
  },
  {
    "title": "Private Paris (Private #10)",
    "price": "47.61"
  },
  {
    "title": "Off the Hook (Fishing for Trouble #1)",
    "price": "47.67"
  },
  {
    "title": "Crazy Love: Overwhelmed by a Relentless God",
    "price": "47.72"
  },
  {
    "title": "The Hitchhiker's Guide to the Galaxy (Hitchhiker's Guide to the Galaxy #1)",
    "price": "47.80"
  },
  {
    "title": "Sharp Objects",
    "price": "47.82"
  },
  {
    "title": "Robin War",
    "price": "47.82"
  },
  {
    "title": "The Case for Christ (Cases for Christianity)",
    "price": "47.84"
  },
  {
    "title": "Stars Above (The Lunar Chronicles #4.5)",
    "price": "48.05"
  },
  {
    "title": "Isla and the Happily Ever After (Anna and the French Kiss #3)",
    "price": "48.13"
  },
  {
    "title": "Benjamin Franklin: An American Life",
    "price": "48.19"
  },
  {
    "title": "Without Shame",
    "price": "48.27"
  },
  {
    "title": "A Time of Torment (Charlie Parker #14)",
    "price": "48.35"
  },
  {
    "title": "Troublemaker: Surviving Hollywood and Scientology",
    "price": "48.39"
  },
  {
    "title": "Shopaholic Ties the Knot (Shopaholic #3)",
    "price": "48.39"
  },
  {
    "title": "orange: The Complete Collection 1 (orange: The Complete Collection #1)",
    "price": "48.41"
  },
  {
    "title": "11/22/63",
    "price": "48.48"
  },
  {
    "title": "Grey (Fifty Shades #4)",
    "price": "48.49"
  },
  {
    "title": "Mere Christianity",
    "price": "48.51"
  },
  {
    "title": "Library of Souls (Miss Peregrine’s Peculiar Children #3)",
    "price": "48.56"
  },
  {
    "title": "Art and Fear: Observations on the Perils (and Rewards) of Artmaking",
    "price": "48.63"
  },
  {
    "title": "Can You Keep a Secret? (Fear Street Relaunch #4)",
    "price": "48.64"
  },
  {
    "title": "Why Save the Bankers?: And Other Essays on Our Economic and Political Crisis",
    "price": "48.67"
  },
  {
    "title": "This One Moment (Pushing Limits #1)",
    "price": "48.71"
  },
  {
    "title": "Sleeping Giants (Themis Files #1)",
    "price": "48.74"
  },
  {
    "title": "Harry Potter and the Half-Blood Prince (Harry Potter #6)",
    "price": "48.75"
  },
  {
    "title": "The Thing About Jellyfish",
    "price": "48.77"
  },
  {
    "title": "The Dovekeepers",
    "price": "48.78"
  },
  {
    "title": "Art Ops Vol. 1",
    "price": "48.80"
  },
  {
    "title": "See America: A Celebration of Our National Parks & Treasured Sites",
    "price": "48.87"
  },
  {
    "title": "Confessions of a Shopaholic (Shopaholic #1)",
    "price": "48.94"
  },
  {
    "title": "Something Borrowed (Darcy & Rachel #1)",
    "price": "48.96"
  },
  {
    "title": "The Good Girl",
    "price": "49.03"
  },
  {
    "title": "The Bulletproof Diet: Lose up to a Pound a Day, Reclaim Energy and Focus, Upgrade Your Life",
    "price": "49.05"
  },
  {
    "title": "Feathers: Displays of Brilliant Plumage",
    "price": "49.05"
  },
  {
    "title": "Crazy Rich Asians (Crazy Rich Asians #1)",
    "price": "49.13"
  },
  {
    "title": "Black Butler, Vol. 1 (Black Butler #1)",
    "price": "49.31"
  },
  {
    "title": "Brain on Fire: My Month of Madness",
    "price": "49.32"
  },
  {
    "title": "Full Moon over Noah’s Ark: An Odyssey to Mount Ararat and Beyond",
    "price": "49.43"
  },
  {
    "title": "Paper and Fire (The Great Library #2)",
    "price": "49.45"
  },
  {
    "title": "Bossypants",
    "price": "49.46"
  },
  {
    "title": "Close to You",
    "price": "49.46"
  },
  {
    "title": "The Girl with All the Gifts",
    "price": "49.47"
  },
  {
    "title": "Spilled Milk: Based on a True Story",
    "price": "49.51"
  },
  {
    "title": "The Guernsey Literary and Potato Peel Pie Society",
    "price": "49.53"
  },
  {
    "title": "'Salem's Lot",
    "price": "49.56"
  },
  {
    "title": "Raspberry Pi Electronics Projects for the Evil Genius",
    "price": "49.67"
  },
  {
    "title": "Memoirs of a Geisha",
    "price": "49.67"
  },
  {
    "title": "10-Day Green Smoothie Cleanse: Lose Up to 15 Pounds in 10 Days!",
    "price": "49.71"
  },
  {
    "title": "Luckiest Girl Alive",
    "price": "49.83"
  },
  {
    "title": "If I Run (If I Run #1)",
    "price": "49.97"
  },
  {
    "title": "In Cold Blood",
    "price": "49.98"
  },
  {
    "title": "Soumission",
    "price": "50.10"
  },
  {
    "title": "Rogue Lawyer (Rogue Lawyer #1)",
    "price": "50.11"
  },
  {
    "title": "The Pilgrim's Progress",
    "price": "50.26"
  },
  {
    "title": "We Love You, Charlie Freeman",
    "price": "50.27"
  },
  {
    "title": "Nightstruck: A Novel",
    "price": "50.35"
  },
  {
    "title": "Rat Queens, Vol. 3: Demons (Rat Queens (Collected Editions) #11-15)",
    "price": "50.40"
  },
  {
    "title": "Fruits Basket, Vol. 4 (Fruits Basket #4)",
    "price": "50.44"
  },
  {
    "title": "A Hero's Curse (The Unseen Chronicles #1)",
    "price": "50.49"
  },
  {
    "title": "Amatus",
    "price": "50.54"
  },
  {
    "title": "The Name of the Wind (The Kingkiller Chronicle #1)",
    "price": "50.59"
  },
  {
    "title": "Barefoot Contessa at Home: Everyday Recipes You'll Make Over and Over Again",
    "price": "50.62"
  },
  {
    "title": "Very Good Lives: The Fringe Benefits of Failure and the Importance of Imagination",
    "price": "50.66"
  },
  {
    "title": "Catching Jordan (Hundred Oaks)",
    "price": "50.83"
  },
  {
    "title": "Quarter Life Poetry: Poems for the Young, Broke and Hangry",
    "price": "50.89"
  },
  {
    "title": "Tell the Wolves I'm Home",
    "price": "50.96"
  },
  {
    "title": "#GIRLBOSS",
    "price": "50.96"
  },
  {
    "title": "Saga, Volume 5 (Saga (Collected Editions) #5)",
    "price": "51.04"
  },
  {
    "title": "Holidays on Ice",
    "price": "51.07"
  },
  {
    "title": "The High Mountains of Portugal",
    "price": "51.15"
  },
  {
    "title": "Leave This Song Behind: Teen Poetry at Its Best",
    "price": "51.17"
  },
  {
    "title": "America's War for the Greater Middle East: A Military History",
    "price": "51.22"
  },
  {
    "title": "Friday Night Lights: A Town, a Team, and a Dream",
    "price": "51.22"
  },
  {
    "title": "Brave Enough",
    "price": "51.32"
  },
  {
    "title": "Eat, Pray, Love",
    "price": "51.32"
  },
  {
    "title": "Libertarianism for Beginners",
    "price": "51.33"
  },
  {
    "title": "Exit, Pursued by a Bear",
    "price": "51.34"
  },
  {
    "title": "The Regional Office Is Under Attack!",
    "price": "51.36"
  },
  {
    "title": "Angels & Demons (Robert Langdon #1)",
    "price": "51.48"
  },
  {
    "title": "Do Androids Dream of Electric Sheep? (Blade Runner #1)",
    "price": "51.48"
  },
  {
    "title": "Lowriders to the Center of the Earth (Lowriders in Space #2)",
    "price": "51.51"
  },
  {
    "title": "Rich Dad, Poor Dad",
    "price": "51.74"
  },
  {
    "title": "Eaternity: More than 150 Deliciously Easy Vegan Recipes for a Long, Healthy, Satisfied, Joyful Life",
    "price": "51.75"
  },
  {
    "title": "A Light in the Attic",
    "price": "51.77"
  },
  {
    "title": "When I'm Gone",
    "price": "51.96"
  },
  {
    "title": "Danganronpa Volume 1",
    "price": "51.99"
  },
  {
    "title": "The Demonists (Demonist #1)",
    "price": "52.11"
  },
  {
    "title": "The Black Maria",
    "price": "52.15"
  },
  {
    "title": "Overload: How to Unplug, Unwind, and Unleash Yourself from the Pressure of Stress",
    "price": "52.15"
  },
  {
    "title": "Behind Closed Doors",
    "price": "52.22"
  },
  {
    "title": "The Demon-Haunted World: Science as a Candle in the Dark",
    "price": "52.25"
  },
  {
    "title": "The Hidden Oracle (The Trials of Apollo #1)",
    "price": "52.26"
  },
  {
    "title": "Scott Pilgrim's Precious Little Life (Scott Pilgrim #1)",
    "price": "52.29"
  },
  {
    "title": "The Bachelor Girl's Guide to Murder (Herringford and Watts Mysteries #1)",
    "price": "52.30"
  },
  {
    "title": "Seven Days in the Art World",
    "price": "52.33"
  },
  {
    "title": "Vogue Colors A to Z: A Fashion Coloring Book",
    "price": "52.35"
  },
  {
    "title": "A Court of Thorns and Roses (A Court of Thorns and Roses #1)",
    "price": "52.37"
  },
  {
    "title": "A Short History of Nearly Everything",
    "price": "52.40"
  },
  {
    "title": "Death Note, Vol. 5: Whiteout (Death Note #5)",
    "price": "52.41"
  },
  {
    "title": "The Husband's Secret",
    "price": "52.51"
  },
  {
    "title": "The Nanny Diaries (Nanny #1)",
    "price": "52.53"
  },
  {
    "title": "Chronicles, Vol. 1",
    "price": "52.60"
  },
  {
    "title": "Dracula",
    "price": "52.62"
  },
  {
    "title": "Why the Right Went Wrong: Conservatism--From Goldwater to the Tea Party and Beyond",
    "price": "52.65"
  },
  {
    "title": "The Testament of Mary",
    "price": "52.67"
  },
  {
    "title": "Thirteen Reasons Why",
    "price": "52.72"
  },
  {
    "title": "Someone Like You (The Harrisons #2)",
    "price": "52.79"
  },
  {
    "title": "Heaven is for Real: A Little Boy's Astounding Story of His Trip to Heaven and Back",
    "price": "52.86"
  },
  {
    "title": "Shrunken Treasures: Literary Classics, Short, Sweet, and Silly",
    "price": "52.87"
  },
  {
    "title": "Diary of a Minecraft Zombie Book 1: A Scare of a Dare (An Unofficial Minecraft Book)",
    "price": "52.88"
  },
  {
    "title": "One Second (Seven #7)",
    "price": "52.94"
  },
  {
    "title": "The Art and Science of Low Carbohydrate Living",
    "price": "52.98"
  },
  {
    "title": "Lady Renegades (Rebel Belle #3)",
    "price": "53.04"
  },
  {
    "title": "Aladdin and His Wonderful Lamp",
    "price": "53.13"
  },
  {
    "title": "Girl Online On Tour (Girl Online #2)",
    "price": "53.47"
  },
  {
    "title": "The Book Thief",
    "price": "53.49"
  },
  {
    "title": "Trespassing Across America: One Man's Epic, Never-Done-Before (and Sort of Illegal) Hike Across the Heartland",
    "price": "53.51"
  },
  {
    "title": "Finders Keepers (Bill Hodges Trilogy #2)",
    "price": "53.53"
  },
  {
    "title": "32 Yolks",
    "price": "53.63"
  },
  {
    "title": "Out of Print: City Lights Spotlight No. 14",
    "price": "53.64"
  },
  {
    "title": "What If?: Serious Scientific Answers to Absurd Hypothetical Questions",
    "price": "53.68"
  },
  {
    "title": "The Blind Side: Evolution of a Game",
    "price": "53.71"
  },
  {
    "title": "Tipping the Velvet",
    "price": "53.74"
  },
  {
    "title": "Vampire Girl (Vampire Girl #1)",
    "price": "53.82"
  },
  {
    "title": "Judo: Seven Steps to Black Belt (an Introductory Guide for Beginners)",
    "price": "53.90"
  },
  {
    "title": "We Are Robin, Vol. 1: The Vigilante Business (We Are Robin #1)",
    "price": "53.90"
  },
  {
    "title": "Luis Paints the World",
    "price": "53.95"
  },
  {
    "title": "Take Me Home Tonight (Rock Star Romance #3)",
    "price": "53.98"
  },
  {
    "title": "1st to Die (Women's Murder Club #1)",
    "price": "53.98"
  },
  {
    "title": "(Un)Qualified: How God Uses Broken People to Do Big Things",
    "price": "54.00"
  },
  {
    "title": "The Rosie Project (Don Tillman #1)",
    "price": "54.04"
  },
  {
    "title": "Eat Fat, Get Thin",
    "price": "54.07"
  },
  {
    "title": "The Murder That Never Was (Forensic Instincts #5)",
    "price": "54.11"
  },
  {
    "title": "The Sandman, Vol. 1: Preludes and Nocturnes (The Sandman (volumes) #1)",
    "price": "54.12"
  },
  {
    "title": "The Last Mile (Amos Decker #2)",
    "price": "54.21"
  },
  {
    "title": "Proofs of God: Classical Arguments from Tertullian to Barth",
    "price": "54.21"
  },
  {
    "title": "Sapiens: A Brief History of Humankind",
    "price": "54.23"
  },
  {
    "title": "A Heartbreaking Work of Staggering Genius",
    "price": "54.29"
  },
  {
    "title": "Everydata: The Misinformation Hidden in the Little Data You Consume Every Day",
    "price": "54.35"
  },
  {
    "title": "Murder at the 42nd Street Library (Raymond Ambler #1)",
    "price": "54.36"
  },
  {
    "title": "The Alien Club",
    "price": "54.40"
  },
  {
    "title": "The Light of the Fireflies",
    "price": "54.43"
  },
  {
    "title": "Eureka Trivia 6.0",
    "price": "54.59"
  },
  {
    "title": "Something Blue (Darcy & Rachel #2)",
    "price": "54.62"
  },
  {
    "title": "I am a Hero Omnibus Volume 1",
    "price": "54.63"
  },
  {
    "title": "Birdsong: A Story in Pictures",
    "price": "54.64"
  },
  {
    "title": "No Love Allowed (Dodge Cove #1)",
    "price": "54.65"
  },
  {
    "title": "Suzie Snowflake: One beautiful flake (a self-esteem story)",
    "price": "54.81"
  },
  {
    "title": "The Sandman, Vol. 2: The Doll's House (The Sandman (volumes) #2)",
    "price": "54.81"
  },
  {
    "title": "Dune (Dune #1)",
    "price": "54.86"
  },
  {
    "title": "House of Leaves",
    "price": "54.89"
  },
  {
    "title": "The Girl on the Train",
    "price": "55.02"
  },
  {
    "title": "The Perks of Being a Wallflower",
    "price": "55.02"
  },
  {
    "title": "Being Mortal: Medicine and What Matters in the End",
    "price": "55.06"
  },
  {
    "title": "Don't Get Caught",
    "price": "55.35"
  },
  {
    "title": "Midnight Riot (Peter Grant/ Rivers of London - books #1)",
    "price": "55.46"
  },
  {
    "title": "Lamb: The Gospel According to Biff, Christ's Childhood Pal",
    "price": "55.50"
  },
  {
    "title": "A Brush of Wings (Angels Walking #3)",
    "price": "55.51"
  },
  {
    "title": "A Flight of Arrows (The Pathfinders #2)",
    "price": "55.53"
  },
  {
    "title": "Alice in Wonderland (Alice's Adventures in Wonderland #1)",
    "price": "55.53"
  },
  {
    "title": "The Sandman, Vol. 3: Dream Country (The Sandman (volumes) #3)",
    "price": "55.55"
  },
  {
    "title": "The Last Painting of Sara de Vos",
    "price": "55.55"
  },
  {
    "title": "Future Shock (Future Shock #1)",
    "price": "55.65"
  },
  {
    "title": "A New Earth: Awakening to Your Life's Purpose",
    "price": "55.65"
  },
  {
    "title": "Old Records Never Die: One Man's Quest for His Vinyl and His Past",
    "price": "55.66"
  },
  {
    "title": "Shtum",
    "price": "55.84"
  },
  {
    "title": "The Matchmaker's Playbook (Wingmen Inc. #1)",
    "price": "55.85"
  },
  {
    "title": "The Fabric of the Cosmos: Space, Time, and the Texture of Reality",
    "price": "55.91"
  },
  {
    "title": "The Hiding Place",
    "price": "55.91"
  },
  {
    "title": "Suddenly in Love (Lake Haven #1)",
    "price": "55.99"
  },
  {
    "title": "The False Prince (The Ascendance Trilogy #1)",
    "price": "56.00"
  },
  {
    "title": "City of Glass (The Mortal Instruments #3)",
    "price": "56.02"
  },
  {
    "title": "Darkfever (Fever #1)",
    "price": "56.02"
  },
  {
    "title": "The Electric Pencil: Drawings from Inside State Hospital No. 3",
    "price": "56.06"
  },
  {
    "title": "The Wild Robot",
    "price": "56.07"
  },
  {
    "title": "The Secret of Dreadwillow Carse",
    "price": "56.13"
  },
  {
    "title": "It Didn't Start with You: How Inherited Family Trauma Shapes Who We Are and How to End the Cycle",
    "price": "56.27"
  },
  {
    "title": "Abstract City",
    "price": "56.37"
  },
  {
    "title": "Masks and Shadows",
    "price": "56.40"
  },
  {
    "title": "The Pioneer Woman Cooks: Dinnertime: Comfort Classics, Freezer Food, 16-Minute Meals, and Other Delicious Ways to Solve Supper!",
    "price": "56.41"
  },
  {
    "title": "A Walk to Remember",
    "price": "56.43"
  },
  {
    "title": "A Series of Catastrophes and Miracles: A True Story of Love, Science, and Cancer",
    "price": "56.48"
  },
  {
    "title": "I'll Give You the Sun",
    "price": "56.48"
  },
  {
    "title": "The Past Never Ends",
    "price": "56.50"
  },
  {
    "title": "Eleanor & Park",
    "price": "56.51"
  },
  {
    "title": "The Dinner Party",
    "price": "56.54"
  },
  {
    "title": "Are We Smart Enough to Know How Smart Animals Are?",
    "price": "56.58"
  },
  {
    "title": "Fun Home: A Family Tragicomic",
    "price": "56.59"
  },
  {
    "title": "A Shard of Ice (The Black Symphony Saga #1)",
    "price": "56.63"
  },
  {
    "title": "Packing for Mars: The Curious Science of Life in the Void",
    "price": "56.68"
  },
  {
    "title": "Into the Wild",
    "price": "56.70"
  },
  {
    "title": "A Piece of Sky, a Grain of Rice: A Memoir in Four Meditations",
    "price": "56.76"
  },
  {
    "title": "Giant Days, Vol. 1 (Giant Days #1-4)",
    "price": "56.76"
  },
  {
    "title": "The Wright Brothers",
    "price": "56.80"
  },
  {
    "title": "Equal Is Unfair: America's Misguided Fight Against Income Inequality",
    "price": "56.86"
  },
  {
    "title": "A Year in Provence (Provence #1)",
    "price": "56.88"
  },
  {
    "title": "Between the World and Me",
    "price": "56.91"
  },
  {
    "title": "Ajin: Demi-Human, Volume 1 (Ajin: Demi-Human #1)",
    "price": "57.06"
  },
  {
    "title": "Kitchens of the Great Midwest",
    "price": "57.20"
  },
  {
    "title": "Animal Farm",
    "price": "57.22"
  },
  {
    "title": "Our Band Could Be Your Life: Scenes from the American Indie Underground, 1981-1991",
    "price": "57.25"
  },
  {
    "title": "Slow States of Collapse: Poems",
    "price": "57.31"
  },
  {
    "title": "The Disappearing Spoon: And Other True Tales of Madness, Love, and the History of the World from the Periodic Table of the Elements",
    "price": "57.35"
  },
  {
    "title": "Immunity: How Elie Metchnikoff Changed the Course of Modern Medicine",
    "price": "57.36"
  },
  {
    "title": "I Had a Nice Time And Other Lies...: How to find love & sh*t like that",
    "price": "57.36"
  },
  {
    "title": "H is for Hawk",
    "price": "57.42"
  },
  {
    "title": "John Adams",
    "price": "57.43"
  },
  {
    "title": "The Girl Who Kicked the Hornet's Nest (Millennium Trilogy #3)",
    "price": "57.48"
  },
  {
    "title": "The Bhagavad Gita",
    "price": "57.49"
  },
  {
    "title": "Me Talk Pretty One Day",
    "price": "57.60"
  },
  {
    "title": "El Deafo",
    "price": "57.62"
  },
  {
    "title": "The No. 1 Ladies' Detective Agency (No. 1 Ladies' Detective Agency #1)",
    "price": "57.70"
  },
  {
    "title": "The Raven Boys (The Raven Cycle #1)",
    "price": "57.74"
  },
  {
    "title": "Travels with Charley: In Search of America",
    "price": "57.82"
  },
  {
    "title": "Miracles from Heaven: A Little Girl, Her Journey to Heaven, and Her Amazing Story of Healing",
    "price": "57.83"
  },
  {
    "title": "The Sound Of Love",
    "price": "57.84"
  },
  {
    "title": "The Stand",
    "price": "57.86"
  },
  {
    "title": "Digital Fortress",
    "price": "58.00"
  },
  {
    "title": "Watchmen",
    "price": "58.05"
  },
  {
    "title": "The White Cat and the Monk: A Retelling of the Poem “Pangur Bán”",
    "price": "58.08"
  },
  {
    "title": "Unstuffed: Decluttering Your Home, Mind, and Soul",
    "price": "58.09"
  },
  {
    "title": "The Lover's Dictionary",
    "price": "58.09"
  },
  {
    "title": "The Death of Humanity: and the Case for Life",
    "price": "58.11"
  },
  {
    "title": "Aristotle and Dante Discover the Secrets of the Universe (Aristotle and Dante Discover the Secrets of the Universe #1)",
    "price": "58.14"
  },
  {
    "title": "How to Speak Golf: An Illustrated Guide to Links Lingo",
    "price": "58.32"
  },
  {
    "title": "Silence in the Dark (Logan Point #4)",
    "price": "58.33"
  },
  {
    "title": "Shameless",
    "price": "58.35"
  },
  {
    "title": "Miller's Valley",
    "price": "58.54"
  },
  {
    "title": "Catherine the Great: Portrait of a Woman",
    "price": "58.55"
  },
  {
    "title": "Alight (The Generations Trilogy #2)",
    "price": "58.59"
  },
  {
    "title": "Candide",
    "price": "58.63"
  },
  {
    "title": "The Rose & the Dagger (The Wrath and the Dawn #2)",
    "price": "58.64"
  },
  {
    "title": "Myriad (Prentor #1)",
    "price": "58.75"
  },
  {
    "title": "Hamilton: The Revolution",
    "price": "58.79"
  },
  {
    "title": "Approval Junkie: Adventures in Caring Too Much",
    "price": "58.81"
  },
  {
    "title": "Unlimited Intuition Now",
    "price": "58.87"
  },
  {
    "title": "Listen to Me (Fusion #1)",
    "price": "58.99"
  },
  {
    "title": "Life Without a Recipe",
    "price": "59.04"
  },
  {
    "title": "The Gray Rhino: How to Recognize and Act on the Obvious Dangers We Ignore",
    "price": "59.15"
  },
  {
    "title": "The Improbability of Love",
    "price": "59.45"
  },
  {
    "title": "The Man Who Mistook His Wife for a Hat and Other Clinical Tales",
    "price": "59.45"
  },
  {
    "title": "Boar Island (Anna Pigeon #19)",
    "price": "59.48"
  },
  {
    "title": "Thomas Jefferson and the Tripoli Pirates: The Forgotten War That Changed American History",
    "price": "59.64"
  },
  {
    "title": "The Bone Hunters (Lexy Vaughan & Steven Macaulay #2)",
    "price": "59.71"
  },
  {
    "title": "The Diary of a Young Girl",
    "price": "59.90"
  },
  {
    "title": "The Barefoot Contessa Cookbook",
    "price": "59.92"
  },
  {
    "title": "Civilization and Its Discontents",
    "price": "59.95"
  },
  {
    "title": "Last One Home (New Beginnings #1)",
    "price": "59.98"
  },
  {
    "title": "The Perfect Play (Play by Play #1)",
    "price": "59.99"
  }
]