title,price,availability,star_rating,description,category
Private Paris (Private #10),£47.61,In stock (17 available),5,"Paris is burning--and only Private's Jack Morgan can put out the fire.When Jack Morgan stops by Private's Paris office, he envisions a quick hello during an otherwise relaxing trip filled with fine food and sightseeing. But Jack is quickly pressed into duty after a call from his client Sherman Wilke",Fiction
"We Love You, Charlie Freeman",£50.27,In stock (16 available),5,"The Freeman family--Charles, Laurel, and their daughters, teenage Charlotte and nine-year-old Callie--have been invited to the Toneybee Institute in rural Massachusetts to participate in a research experiment. They will live in an apartment on campus with Charlie, a young chimp abandoned by his moth",Fiction
Thirst,£17.27,In stock (16 available),5,"On a searing summer Friday, Eddie Chapman has been stuck for hours in a traffic jam. There are accidents along the highway, but ambulances and police are conspicuously absent. When he decides to abandon his car and run home, he sees that the trees along the edge of a stream have been burnt, and the ",Fiction
The Vacationers,£42.15,In stock (15 available),4,"An irresistible, deftly observed novel about the secrets, joys, and jealousies that rise to the surface over the course of an American familyâs two-week stay in Mallorca. For the Posts, a two-week trip to the Balearic island of Mallorca with their extended family and friends is a celebration: Fran",Fiction
The Regional Office Is Under Attack!,£51.36,In stock (15 available),5,"In a world beset by amassing forces of darkness, one organizationâthe Regional Officeâand its coterie of super-powered female assassins protects the globe from annihilation. At its helm, the mysterious Oyemi and her oracles seek out new recruits and root out evil plots. Then a prophecy suggests ",Fiction
Finders Keepers (Bill Hodges Trilogy #2),£53.53,In stock (15 available),5,"A masterful, intensely suspenseful novel about a reader whose obsession with a reclusive writer goes far too farâa book about the power of storytelling, starring the same trio of unlikely and winning heroes King introduced in Mr. MercedesâWake up, genius.â So begins Kingâs instantly riveting",Fiction
The Time Keeper,£27.88,In stock (14 available),5,"In this fable, the first man on earth to count the hours becomes Father Time. The inventor of the world's first clock is punished for trying to measure God's greatest gift. He is banished to a cave for centuries and forced to listen to the voices of all who come after him seeking more days, more yea",Fiction
The Testament of Mary,£52.67,In stock (14 available),4,"Provocative, haunting, and indelible, Colm TÃ³ibÃ­nâs portrait of Mary presents her as a solitary older woman still seeking to understand the events that become the narrative of the New Testament and the foundation of Christianity.In the ancient town of Ephesus, Mary lives alone, years after her s",Fiction
Shtum,£55.84,In stock (14 available),4,"Powerful, darkly funny and heart-breaking, Shtum is a story about fathers and sons, autism, and dysfunctional relationships.Ben Jewell has hit breaking point. His ten-year-old son Jonah has severe autism and Ben and his wife, Emma, are struggling to cope.When Ben and Emma fake a separation - a strat",Fiction
I Am Pilgrim (Pilgrim #1),£10.60,In stock (14 available),4,"A breakneck race against time...and an implacable enemy.An anonymous young woman murdered in a run-down hotel, all identifying characteristics dissolved by acid. A father publicly beheaded in the blistering heat of a Saudi Arabian public square. A notorious Syrian biotech expert found eyeless in a D",Fiction
Eight Hundred Grapes,£14.39,In stock (14 available),4,"There are secrets you share, and secrets you hideâ¦Growing up on her familyâs Sonoma vineyard, Georgia Ford learned some important secrets. The secret number of grapes it takes to make a bottle of wine: eight hundred. The secret ingredient in her motherâs lasagna: chocolate. The secret behind e",Fiction
Dear Mr. Knightley,£11.21,In stock (14 available),5,"Dear Mr. Knightley is a contemporary epistolary novel with a delightful dash of Jane Austen.Samantha Moore survived years of darkness in the foster care system by hiding behind her favorite characters in literature, even adopting their very words. Her fictional friends give her an identity, albeit a",Fiction
The Silent Sister (Riley MacPherson #1),£46.29,In stock (12 available),5,"In The Silent Sister, Riley MacPherson has spent her entire life believing that her older sister Lisa committed suicide as a teenager. Now, over twenty years later, her father has passed away and she's in New Bern, North Carolina cleaning out his house when she finds evidence to the contrary. Lisa i",Fiction
Hystopia: A Novel,£21.96,In stock (8 available),4,"By the early 1970s, President John F. Kennedy has survived several assassination attempts and--martyred, heroic--is now in his third term. Twenty-two-year-old Eugene Allen returns home from his tour of duty in Vietnam and begins to write a war novel--a book echoing Catch-22 and Slaughterhouse-Five--",Fiction
The Bourne Identity (Jason Bourne #1),£42.78,In stock (7 available),4,"Who is Jason Bourne? Is he an assassin, a terrorist, a thief? Why has he got four million dollars in a Swiss bank account? Why has someone tried to murder him?...Jason Bourne does not know the answer to any of these questions. Suffering from amnesia, he does not even know that he is Jason Bourne. Wh",Fiction
Sister Dear,£40.20,In stock (7 available),4,"All Allie Marshall wants is a fresh start. But when dark secrets refuse to stay buried, will her chance at a new life be shattered forever?Convicted of a crime she didnât commit, Allie watched a decade of her life vanish â time that can never be recovered. Now, out on parole, Allie is determined",Fiction
Deception Point,£40.32,In stock (6 available),4,"When a new NASA satellite spots evidence of an astonishingly rare object buried deep in the Arctic ice, the floundering space agency proclaims a much-needed victory...a victory that has profound implications for U.S. space policy and the impending presidential election. With the Oval Office in the b",Fiction
Siddhartha,£34.22,In stock (5 available),5,"In the novel, Siddhartha, a young man, leaves his family for a contemplative life, then, restless, discards it for one of the flesh. He conceives a son, but bored and sickened by lust and greed, moves on again. Near despair, Siddhartha comes to a river where he hears a unique sound. This sound signa",Fiction
Digital Fortress,£58.00,In stock (5 available),5,"Before the multi-million, runaway bestseller The Da Vinci Code, Dan Brown set his razor-sharp research and storytelling skills on the most powerful intelligence organization on earth--the National Security Agency (NSA), an ultra-secret, multibillion-dollar agency many times more powerful than the CI",Fiction
Atlas Shrugged,£26.58,In stock (4 available),5,"This is the story of a man who said that he would stop the motor of the world and did. Was he a destroyer or the greatest of liberators?Why did he have to fight his battle, not against his enemies, but against those who needed him most, and his hardest battle against the woman he loved? What is the ",Fiction
